id,name,website,platform,handle,profile_url,active,notes
001-youtube,ACET (African Center for Economic Transformation),https://acetforafrica.org,YouTube,user/acetforafrica,https://www.youtube.com/user/acetforafrica,true,Verified — institutional link | Source: https://acetforafrica.org
001-x,ACET (African Center for Economic Transformation),https://acetforafrica.org,X,acetforafrica,https://x.com/acetforafrica,true,Verified — institutional link | Source: https://acetforafrica.org
001-linkedin,ACET (African Center for Economic Transformation),https://acetforafrica.org,LinkedIn,company/acetforafrica,https://www.linkedin.com/company/acetforafrica,true,Verified — institutional link | Source: https://acetforafrica.org
001-instagram,ACET (African Center for Economic Transformation),https://acetforafrica.org,Instagram,acetforafrica,https://www.instagram.com/acetforafrica,true,Verified — institutional link | Source: https://acetforafrica.org
001-facebook,ACET (African Center for Economic Transformation),https://acetforafrica.org,Facebook,acetforafrica,https://www.facebook.com/acetforafrica,true,Verified — institutional link | Source: https://acetforafrica.org
002-x,Africa Center,https://www.atlanticcouncil.org/programs/africa-center/,X,acafricacenter,https://x.com/acafricacenter,true,Verified — institutional link | Source: https://www.atlanticcouncil.org/programs/africa-center/
002-linkedin,Africa Center,https://www.atlanticcouncil.org/programs/africa-center/,LinkedIn,showcase/atlantic-council-africa-center,https://www.linkedin.com/showcase/atlantic-council-africa-center,true,Verified — institutional link | Source: https://www.atlanticcouncil.org/programs/africa-center/
003-youtube,Al Jazeera Centre for Studies,https://studies.aljazeera.net/en,YouTube,user/aljazeerasc,https://www.youtube.com/user/aljazeerasc,true,Verified — institutional link | Source: https://studies.aljazeera.net/en
003-x,Al Jazeera Centre for Studies,https://studies.aljazeera.net/en,X,AJStudies,https://x.com/AJStudies,true,Verified — institutional link | Source: https://studies.aljazeera.net/en
003-linkedin,Al Jazeera Centre for Studies,https://studies.aljazeera.net/en,LinkedIn,company/aljazeera,https://www.linkedin.com/company/aljazeera,true,Parent organization page — centre-specific LinkedIn not found | Source: https://www.linkedin.com/company/aljazeera | Al Jazeera Centre for Studies is established under Al Jazeera Media Network; use with caution for centre-level follower tracking.
003-instagram,Al Jazeera Centre for Studies,https://studies.aljazeera.net/en,Instagram,ajstudies,https://www.instagram.com/ajstudies,true,Verified — institutional link | Source: https://studies.aljazeera.net/en
003-facebook,Al Jazeera Centre for Studies,https://studies.aljazeera.net/en,Facebook,ajstudies,https://www.facebook.com/ajstudies,true,Verified — institutional link | Source: https://studies.aljazeera.net/en
004-youtube,American Enterprise Institute,https://www.aei.org,YouTube,channel/UCt8lRYpzb-sSrKFb4DT2ECw,https://www.youtube.com/channel/UCt8lRYpzb-sSrKFb4DT2ECw,true,Corroborated — On Think Tanks directory | Source: https://onthinktanks.org/think-tank/american-enterprise-institute/ | Directory-listed account; institutional backlink was not accessible in this review.
004-linkedin,American Enterprise Institute,https://www.aei.org,LinkedIn,company/american-enterprise-institute,https://www.linkedin.com/company/american-enterprise-institute,true,Corroborated — On Think Tanks directory | Source: https://onthinktanks.org/think-tank/american-enterprise-institute/ | Directory-listed account; institutional backlink was not accessible in this review.
005-youtube,ASPI (Australian Strategic Policy Institute),https://www.aspi.org.au,YouTube,user/ASPICanberra,https://www.youtube.com/user/ASPICanberra,true,Verified — institutional link | Source: https://www.aspi.org.au
005-x,ASPI (Australian Strategic Policy Institute),https://www.aspi.org.au,X,ASPI_org,https://x.com/ASPI_org,true,Verified — institutional link | Source: https://www.aspi.org.au
005-linkedin,ASPI (Australian Strategic Policy Institute),https://www.aspi.org.au,LinkedIn,company/australian-strategic-policy-institute,https://www.linkedin.com/company/australian-strategic-policy-institute,true,Verified — institutional link | Source: https://www.aspi.org.au
005-instagram,ASPI (Australian Strategic Policy Institute),https://www.aspi.org.au,Instagram,aspi_org,https://www.instagram.com/aspi_org,true,Verified — institutional link | Source: https://www.aspi.org.au
005-facebook,ASPI (Australian Strategic Policy Institute),https://www.aspi.org.au,Facebook,ASPI.org,https://www.facebook.com/ASPI.org,true,Verified — institutional link | Source: https://www.aspi.org.au
006-youtube,Association for Democratic Reforms,https://adrindia.org,YouTube,user/adrspeaks,https://www.youtube.com/user/adrspeaks,true,Verified — institutional link | Source: https://adrindia.org
006-x,Association for Democratic Reforms,https://adrindia.org,X,adrspeaks,https://x.com/adrspeaks,true,Verified — institutional link | Source: https://adrindia.org
006-linkedin,Association for Democratic Reforms,https://adrindia.org,LinkedIn,company/association-for-democratic-reforms,https://www.linkedin.com/company/association-for-democratic-reforms,true,Verified — institutional link | Source: https://adrindia.org
006-instagram,Association for Democratic Reforms,https://adrindia.org,Instagram,adrspeaks,https://www.instagram.com/adrspeaks,true,Verified — institutional link | Source: https://adrindia.org
006-facebook,Association for Democratic Reforms,https://adrindia.org,Facebook,adr.new,https://www.facebook.com/adr.new,true,Verified — institutional link | Source: https://adrindia.org
007-youtube,Atlantic Council,https://www.atlanticcouncil.org,YouTube,atlanticcouncil,https://www.youtube.com/atlanticcouncil,true,Verified — institutional link | Source: https://www.atlanticcouncil.org
007-x,Atlantic Council,https://www.atlanticcouncil.org,X,atlanticcouncil,https://x.com/atlanticcouncil,true,Verified — institutional link | Source: https://www.atlanticcouncil.org
007-linkedin,Atlantic Council,https://www.atlanticcouncil.org,LinkedIn,company/atlantic-council,https://www.linkedin.com/company/atlantic-council,true,Verified — institutional link | Source: https://www.atlanticcouncil.org
007-instagram,Atlantic Council,https://www.atlanticcouncil.org,Instagram,atlanticcouncil,https://www.instagram.com/atlanticcouncil,true,Verified — institutional link | Source: https://www.atlanticcouncil.org
007-facebook,Atlantic Council,https://www.atlanticcouncil.org,Facebook,atlanticcouncil,https://www.facebook.com/atlanticcouncil,true,Verified — institutional link | Source: https://www.atlanticcouncil.org
008-youtube,Belfer Center,https://www.belfercenter.org,YouTube,user/BelferCenter,https://www.youtube.com/user/BelferCenter,true,Verified — institutional link | Source: https://www.belfercenter.org
008-linkedin,Belfer Center,https://www.belfercenter.org,LinkedIn,company/belfercenter,https://www.linkedin.com/company/belfercenter,true,Verified — institutional link | Source: https://www.belfercenter.org
008-instagram,Belfer Center,https://www.belfercenter.org,Instagram,belfercenter,https://www.instagram.com/belfercenter,true,Verified — institutional link | Source: https://www.belfercenter.org
008-facebook,Belfer Center,https://www.belfercenter.org,Facebook,belfercenter,https://www.facebook.com/belfercenter,true,Verified — institutional link | Source: https://www.belfercenter.org
009-youtube,Bipartisan Policy Center,https://bipartisanpolicy.org,YouTube,channel/UCr1L-KDu5MZMPpmV-gr48fQ,https://www.youtube.com/channel/UCr1L-KDu5MZMPpmV-gr48fQ,true,Corroborated — On Think Tanks directory | Source: https://onthinktanks.org/think-tank/bipartisan-policy-center/ | Directory-listed account; institutional backlink was not accessible in this review.
009-x,Bipartisan Policy Center,https://bipartisanpolicy.org,X,BPC_Bipartisan,https://x.com/BPC_Bipartisan,true,Verified — discovered on official website scan | Source: https://bipartisanpolicy.org/ | Discovered from https://bipartisanpolicy.org via playwright.
009-linkedin,Bipartisan Policy Center,https://bipartisanpolicy.org,LinkedIn,company/bipartisan-policy-center,https://www.linkedin.com/company/bipartisan-policy-center,true,Corroborated — On Think Tanks directory | Source: https://onthinktanks.org/think-tank/bipartisan-policy-center/ | Directory-listed account; institutional backlink was not accessible in this review.
009-instagram,Bipartisan Policy Center,https://bipartisanpolicy.org,Instagram,bpc_bipartisan,https://instagram.com/bpc_bipartisan,true,Verified — discovered on official website scan | Source: https://bipartisanpolicy.org/ | Discovered from https://bipartisanpolicy.org via playwright.
009-facebook,Bipartisan Policy Center,https://bipartisanpolicy.org,Facebook,BipartisanPolicyCenter,https://facebook.com/BipartisanPolicyCenter,true,Verified — discovered on official website scan | Source: https://bipartisanpolicy.org/ | Discovered from https://bipartisanpolicy.org via playwright.
010-youtube,Brookings,https://www.brookings.edu,YouTube,user/BrookingsInstitution,https://www.youtube.com/user/BrookingsInstitution,true,Verified — institutional link | Source: https://www.brookings.edu
010-x,Brookings,https://www.brookings.edu,X,BrookingsInst,https://x.com/BrookingsInst,true,Verified — institutional link | Source: https://www.brookings.edu
010-linkedin,Brookings,https://www.brookings.edu,LinkedIn,company/the-brookings-institution,https://www.linkedin.com/company/the-brookings-institution,true,Verified — institutional link | Source: https://www.brookings.edu
010-instagram,Brookings,https://www.brookings.edu,Instagram,brookingsinst,https://www.instagram.com/brookingsinst,true,Verified — institutional link | Source: https://www.brookings.edu
010-facebook,Brookings,https://www.brookings.edu,Facebook,brookings,https://www.facebook.com/brookings,true,Verified — institutional link | Source: https://www.brookings.edu
011-youtube,Bruegel,https://www.bruegel.org,YouTube,user/BruegelTV,https://www.youtube.com/user/BruegelTV,true,Verified — institutional link | Source: https://www.bruegel.org
011-linkedin,Bruegel,https://www.bruegel.org,LinkedIn,company/bruegel,https://www.linkedin.com/company/bruegel,true,Verified — institutional link | Source: https://www.bruegel.org
011-instagram,Bruegel,https://www.bruegel.org,Instagram,bruegel_thinktank,https://www.instagram.com/bruegel_thinktank,true,Verified — institutional link | Source: https://www.bruegel.org
012-youtube,Carnegie Endowment for International Peace,https://carnegieendowment.org,YouTube,CarnegieEndowment,https://www.youtube.com/CarnegieEndowment,true,Verified — institutional link | Source: https://carnegieendowment.org
012-x,Carnegie Endowment for International Peace,https://carnegieendowment.org,X,CarnegieEndow,https://x.com/CarnegieEndow,true,Verified — institutional link | Source: https://carnegieendowment.org
012-linkedin,Carnegie Endowment for International Peace,https://carnegieendowment.org,LinkedIn,company/carnegieendowment,https://www.linkedin.com/company/carnegieendowment,true,Verified — institutional link | Source: https://carnegieendowment.org
012-instagram,Carnegie Endowment for International Peace,https://carnegieendowment.org,Instagram,carnegieendow,https://www.instagram.com/carnegieendow,true,Verified — institutional link | Source: https://carnegieendowment.org
012-facebook,Carnegie Endowment for International Peace,https://carnegieendowment.org,Facebook,carnegieendowment,https://www.facebook.com/carnegieendowment,true,Verified — institutional link | Source: https://carnegieendowment.org
013-youtube,Cato Institute,https://www.cato.org,YouTube,channel/UCyl7zwI6giPG6zC3uC8GGVg,https://www.youtube.com/channel/UCyl7zwI6giPG6zC3uC8GGVg,true,Corroborated — On Think Tanks directory | Source: https://onthinktanks.org/think-tank/cato-institute/ | Directory-listed account; institutional backlink was not accessible in this review.
013-linkedin,Cato Institute,https://www.cato.org,LinkedIn,company/cato-institute,https://www.linkedin.com/company/cato-institute,true,Corroborated — On Think Tanks directory | Source: https://onthinktanks.org/think-tank/cato-institute/ | Directory-listed account; institutional backlink was not accessible in this review.
014-youtube,Center for a New American Security,https://www.cnas.org,YouTube,user/CNASdc,https://www.youtube.com/user/CNASdc,true,Verified — institutional link | Source: https://www.cnas.org
014-x,Center for a New American Security,https://www.cnas.org,X,cnasdc,https://x.com/cnasdc,true,Verified — institutional link | Source: https://www.cnas.org
014-linkedin,Center for a New American Security,https://www.cnas.org,LinkedIn,company/center-for-a-new-american-security,https://www.linkedin.com/company/center-for-a-new-american-security,true,Verified — institutional link | Source: https://www.cnas.org
014-instagram,Center for a New American Security,https://www.cnas.org,Instagram,cnasdc,https://www.instagram.com/cnasdc,true,Verified — institutional link | Source: https://www.cnas.org
014-facebook,Center for a New American Security,https://www.cnas.org,Facebook,CNASdc,https://www.facebook.com/CNASdc,true,Verified — institutional link | Source: https://www.cnas.org
015-x,Centre for Air Power Studies,https://capsindia.org,X,caps_india,https://x.com/caps_india,true,Verified — discovered on official website scan | Source: https://capssindia.org/ | Discovered from https://capsindia.org via fetch.
015-linkedin,Centre for Air Power Studies,https://capsindia.org,LinkedIn,in/centre-for-air-power-studies-caps-4216ab82,https://www.linkedin.com/in/centre-for-air-power-studies-caps-4216ab82,true,Corroborated — On Think Tanks directory | Source: https://onthinktanks.org/think-tank/centre-for-air-power-studies/ | Directory-listed account; institutional backlink was not accessible in this review.
016-youtube,Centre for Budget and Governance Accountability,https://www.cbgaindia.org,YouTube,channel/UCIve0XhNPeY5on7UPjQeRtg,https://www.youtube.com/channel/UCIve0XhNPeY5on7UPjQeRtg,true,Corroborated — On Think Tanks directory | Source: https://onthinktanks.org/think-tank/centre-for-budget-and-governance-accountability/ | Directory-listed account; institutional backlink was not accessible in this review.
016-x,Centre for Budget and Governance Accountability,https://www.cbgaindia.org,X,CBGAIndia,https://x.com/CBGAIndia,true,Verified — discovered on official website scan | Source: https://www.cbgaindia.org/ | Discovered from https://www.cbgaindia.org via fetch.
016-linkedin,Centre for Budget and Governance Accountability,https://www.cbgaindia.org,LinkedIn,company/cbgaindia,https://www.linkedin.com/company/cbgaindia,true,Corroborated — LinkedIn organization page | Source: https://www.linkedin.com/company/cbgaindia | LinkedIn page website matches cbgaindia.org.
016-facebook,Centre for Budget and Governance Accountability,https://www.cbgaindia.org,Facebook,CBGAIndia,https://www.facebook.com/CBGAIndia,true,Verified — discovered on official website scan | Source: https://www.cbgaindia.org/ | Discovered from https://www.cbgaindia.org via fetch.
017-youtube,Centre for Budget and Policy Studies,https://cbps.in,YouTube,user/CBPSMedia,https://www.youtube.com/user/CBPSMedia,true,Verified — institutional link | Source: https://cbps.in
017-x,Centre for Budget and Policy Studies,https://cbps.in,X,CbpsBlr,https://x.com/CbpsBlr,true,Verified — institutional link | Source: https://cbps.in
017-linkedin,Centre for Budget and Policy Studies,https://cbps.in,LinkedIn,company/cbpsblr,https://www.linkedin.com/company/cbpsblr,true,Verified — institutional link | Source: https://cbps.in
017-instagram,Centre for Budget and Policy Studies,https://cbps.in,Instagram,cbpsblr,https://www.instagram.com/cbpsblr,true,Verified — institutional link | Source: https://cbps.in
017-facebook,Centre for Budget and Policy Studies,https://cbps.in,Facebook,Centre-for-Budget-and-Policy-Studies-191158970935880,https://www.facebook.com/Centre-for-Budget-and-Policy-Studies-191158970935880,true,Verified — institutional link | Source: https://cbps.in
018-youtube,Centre for Civil Society,https://ccs.in,YouTube,c/ccsindiatv,https://www.youtube.com/c/ccsindiatv,true,Verified — institutional link | Source: https://ccs.in
018-x,Centre for Civil Society,https://ccs.in,X,ccsindia,https://x.com/ccsindia,true,Verified — institutional link | Source: https://ccs.in
018-linkedin,Centre for Civil Society,https://ccs.in,LinkedIn,company/ccsindia,https://www.linkedin.com/company/ccsindia,true,Verified — institutional link | Source: https://ccs.in
018-instagram,Centre for Civil Society,https://ccs.in,Instagram,ccsindia,https://www.instagram.com/ccsindia,true,Verified — institutional link | Source: https://ccs.in
018-facebook,Centre for Civil Society,https://ccs.in,Facebook,ccsindia,https://www.facebook.com/ccsindia,true,Verified — institutional link | Source: https://ccs.in
019-youtube,Centre for Development Studies,https://cds.edu,YouTube,cdskeral,https://www.youtube.com/cdskeral,true,Verified — institutional link | Source: https://cds.edu
019-x,Centre for Development Studies,https://cds.edu,X,CdsTrivandrum,https://x.com/CdsTrivandrum,true,Verified — institutional link | Source: https://cds.edu
019-linkedin,Centre for Development Studies,https://cds.edu,LinkedIn,in/cds-centre-for-development-studies-a69046323,https://www.linkedin.com/in/cds-centre-for-development-studies-a69046323,true,Verified — institutional link | Source: https://cds.edu
019-facebook,Centre for Development Studies,https://cds.edu,Facebook,161461153897391,https://www.facebook.com/groups/161461153897391,true,Verified — institutional link | Source: https://cds.edu
020-youtube,Centre for Gender and Politics,https://www.cgaps.org,YouTube,@cgapsouthasia,https://www.youtube.com/@cgapsouthasia,true,Verified — institutional link | Source: https://www.cgapsouthasia.org
020-x,Centre for Gender and Politics,https://www.cgaps.org,X,cgap_sa,https://x.com/cgap_sa,true,Verified — institutional link | Source: https://www.cgapsouthasia.org
020-linkedin,Centre for Gender and Politics,https://www.cgaps.org,LinkedIn,company/cgap,https://www.linkedin.com/company/cgap,true,Verified — institutional link | Source: https://www.cgapsouthasia.org
020-instagram,Centre for Gender and Politics,https://www.cgaps.org,Instagram,cgapsouthasia,https://www.instagram.com/cgapsouthasia,true,Verified — institutional link | Source: https://www.cgapsouthasia.org
021-youtube,Centre for Land Warfare Studies (CLAWS),https://www.claws.in,YouTube,channel/UCi8jLGp-l1_SIS7Oc1z4yRA,https://www.youtube.com/channel/UCi8jLGp-l1_SIS7Oc1z4yRA,true,Corroborated — On Think Tanks directory | Source: https://onthinktanks.org/think-tank/centre-for-land-warfare-studies-claws/ | Directory-listed account; institutional backlink was not accessible in this review.
021-linkedin,Centre for Land Warfare Studies (CLAWS),https://www.claws.in,LinkedIn,company/centre-for-land-warfare-studies-claws,https://www.linkedin.com/company/centre-for-land-warfare-studies-claws,true,Corroborated — On Think Tanks directory | Source: https://onthinktanks.org/think-tank/centre-for-land-warfare-studies-claws/ | Directory-listed account; institutional backlink was not accessible in this review.
022-youtube,Centre for Policy Research,https://cprindia.org,YouTube,channel/UCT0LvSYjYr2gmUDhx7Z3wtw,https://www.youtube.com/channel/UCT0LvSYjYr2gmUDhx7Z3wtw,true,Verified — institutional link | Source: https://cprindia.org
022-x,Centre for Policy Research,https://cprindia.org,X,CPR_India,https://x.com/CPR_India,true,Verified — institutional link | Source: https://cprindia.org
022-linkedin,Centre for Policy Research,https://cprindia.org,LinkedIn,company/centre-for-policy-research,https://www.linkedin.com/company/centre-for-policy-research,true,Verified — institutional link | Source: https://cprindia.org
022-instagram,Centre for Policy Research,https://cprindia.org,Instagram,cpr_india,https://www.instagram.com/cpr_india,true,Verified — institutional link | Source: https://cprindia.org
022-facebook,Centre for Policy Research,https://cprindia.org,Facebook,CentreforPolicyResearch,https://www.facebook.com/CentreforPolicyResearch,true,Verified — institutional link | Source: https://cprindia.org
023-linkedin,Centre for Public Policy,https://www.iimb.ac.in/centres-of-excellence/cpp,LinkedIn,company/cpp-iimb,https://www.linkedin.com/company/cpp-iimb,true,"Corroborated — LinkedIn organization page | Source: https://www.linkedin.com/company/cpp-iimb | Centre for Public Policy, IIM Bangalore LinkedIn page."
024-youtube,Centre for Public Policy Research,https://www.cppr.in,YouTube,user/CPPRIndia,https://www.youtube.com/user/CPPRIndia,true,Verified — institutional link | Source: https://www.cppr.in
024-x,Centre for Public Policy Research,https://www.cppr.in,X,CPPRIndia,https://x.com/CPPRIndia,true,Verified — institutional link | Source: https://www.cppr.in
024-linkedin,Centre for Public Policy Research,https://www.cppr.in,LinkedIn,company/cpprindia,https://www.linkedin.com/company/cpprindia,true,Verified — institutional link | Source: https://www.cppr.in
024-instagram,Centre for Public Policy Research,https://www.cppr.in,Instagram,cpprindia,https://www.instagram.com/cpprindia,true,Verified — institutional link | Source: https://www.cppr.in
024-facebook,Centre for Public Policy Research,https://www.cppr.in,Facebook,cpprindia,https://www.facebook.com/cpprindia,true,Verified — institutional link | Source: https://www.cppr.in
025-youtube,Centre for Social and Economic Progress,https://csep.org,YouTube,channel/UCB-HDsHu8v-7e_UvAJBW5OQ,https://www.youtube.com/channel/UCB-HDsHu8v-7e_UvAJBW5OQ,true,Corroborated — On Think Tanks directory | Source: https://onthinktanks.org/think-tank/centre-for-social-and-economic-progress/ | Directory-listed account; institutional backlink was not accessible in this review.
025-x,Centre for Social and Economic Progress,https://csep.org,X,CSEP_Org,https://x.com/CSEP_Org,true,Verified — discovered on official website scan | Source: https://csep.org/ | Discovered from https://csep.org via fetch.
025-linkedin,Centre for Social and Economic Progress,https://csep.org,LinkedIn,company/csep-org,https://www.linkedin.com/company/csep-org,true,Corroborated — On Think Tanks directory | Source: https://onthinktanks.org/think-tank/centre-for-social-and-economic-progress/ | Directory-listed account; institutional backlink was not accessible in this review.
025-facebook,Centre for Social and Economic Progress,https://csep.org,Facebook,csepresearch,https://www.facebook.com/csepresearch,true,Verified — discovered on official website scan | Source: https://csep.org/ | Discovered from https://csep.org via fetch.
026-youtube,"Centre for Study of Science, Technology and Policy",https://cstep.in,YouTube,channel/UCROj7dD9PqkZj4My5En829A,https://www.youtube.com/channel/UCROj7dD9PqkZj4My5En829A,true,Verified — institutional link | Source: https://cstep.in
026-x,"Centre for Study of Science, Technology and Policy",https://cstep.in,X,CSTEP_India,https://x.com/CSTEP_India,true,Verified — institutional link | Source: https://cstep.in
026-linkedin,"Centre for Study of Science, Technology and Policy",https://cstep.in,LinkedIn,company/cstep,https://www.linkedin.com/company/cstep,true,Verified — institutional link | Source: https://cstep.in
026-instagram,"Centre for Study of Science, Technology and Policy",https://cstep.in,Instagram,cstep_ind,https://www.instagram.com/cstep_ind,true,Verified — institutional link | Source: https://cstep.in
027-youtube,Centre for the Study of Developing Societies,https://www.csds.in,YouTube,csdsdelhi,https://www.youtube.com/csdsdelhi,true,Verified — institutional link | Source: https://www.csds.in
027-x,Centre for the Study of Developing Societies,https://www.csds.in,X,csdsdelhi,https://x.com/csdsdelhi,true,Verified — institutional link | Source: https://www.csds.in
027-linkedin,Centre for the Study of Developing Societies,https://www.csds.in,LinkedIn,in/csds-delhi-450319214,https://www.linkedin.com/in/csds-delhi-450319214,true,Verified — institutional link | Source: https://www.csds.in
027-facebook,Centre for the Study of Developing Societies,https://www.csds.in,Facebook,csdsdelhi,https://www.facebook.com/csdsdelhi,true,Verified — institutional link | Source: https://www.csds.in
028-youtube,CEPA (Center for European Policy Analysis),https://cepa.org,YouTube,channel/UCiYaHwnU8S_pXYFDLM6RXGw,https://www.youtube.com/channel/UCiYaHwnU8S_pXYFDLM6RXGw,true,Verified — institutional link | Source: https://cepa.org
028-x,CEPA (Center for European Policy Analysis),https://cepa.org,X,cepa,https://x.com/cepa,true,Verified — institutional link | Source: https://cepa.org
028-linkedin,CEPA (Center for European Policy Analysis),https://cepa.org,LinkedIn,company/center-for-european-policy-analysis,https://www.linkedin.com/company/center-for-european-policy-analysis,true,Verified — institutional link | Source: https://cepa.org
028-instagram,CEPA (Center for European Policy Analysis),https://cepa.org,Instagram,cepaorg,https://www.instagram.com/cepaorg,true,Verified — institutional link | Source: https://cepa.org
028-facebook,CEPA (Center for European Policy Analysis),https://cepa.org,Facebook,CenterforEuropeanPolicyAnalysis,https://www.facebook.com/CenterforEuropeanPolicyAnalysis,true,Verified — institutional link | Source: https://cepa.org
029-youtube,CEPR (Center for Economic and Policy Research),https://cepr.net,YouTube,channel/UCQ5-7CUfHe7mZGR7alIOsxA,https://www.youtube.com/channel/UCQ5-7CUfHe7mZGR7alIOsxA,true,Corroborated — On Think Tanks directory | Source: https://onthinktanks.org/think-tank/center-for-economic-and-policy-research/ | Directory-listed account; institutional backlink was not accessible in this review.
029-x,CEPR (Center for Economic and Policy Research),https://cepr.net,X,ceprdc,https://x.com/ceprdc,true,Verified — discovered on official website scan | Source: https://cepr.net/ | Discovered from https://cepr.net via playwright.
029-linkedin,CEPR (Center for Economic and Policy Research),https://cepr.net,LinkedIn,company/center-for-economic-and-policy-research,https://www.linkedin.com/company/center-for-economic-and-policy-research,true,Corroborated — On Think Tanks directory | Source: https://onthinktanks.org/think-tank/center-for-economic-and-policy-research/ | Directory-listed account; institutional backlink was not accessible in this review.
029-instagram,CEPR (Center for Economic and Policy Research),https://cepr.net,Instagram,ceprdc,https://www.instagram.com/ceprdc/,true,Verified — discovered on official website scan | Source: https://cepr.net/ | Discovered from https://cepr.net via playwright.
029-facebook,CEPR (Center for Economic and Policy Research),https://cepr.net,Facebook,ceprDC,https://facebook.com/ceprDC,true,Verified — discovered on official website scan | Source: https://cepr.net/ | Discovered from https://cepr.net via playwright.
030-youtube,CEPS (Centre for European Policy Studies),https://www.ceps.eu,YouTube,channel/UCBX-oXE3mC8LGnrRIhCRI7A,https://www.youtube.com/channel/UCBX-oXE3mC8LGnrRIhCRI7A,true,Verified — institutional link | Source: https://www.ceps.eu
030-x,CEPS (Centre for European Policy Studies),https://www.ceps.eu,X,CEPS_thinktank,https://x.com/CEPS_thinktank,true,Verified — institutional link | Source: https://www.ceps.eu
030-linkedin,CEPS (Centre for European Policy Studies),https://www.ceps.eu,LinkedIn,company/ceps,https://www.linkedin.com/company/ceps,true,Verified — institutional link | Source: https://www.ceps.eu
031-youtube,CFR (Council on Foreign Relations),https://www.cfr.org,YouTube,cfr,https://www.youtube.com/cfr,true,Verified — institutional link | Source: https://www.cfr.org
031-x,CFR (Council on Foreign Relations),https://www.cfr.org,X,CFR_org,https://x.com/CFR_org,true,Verified — institutional link | Source: https://www.cfr.org
031-linkedin,CFR (Council on Foreign Relations),https://www.cfr.org,LinkedIn,company/council-on-foreign-relations,https://www.linkedin.com/company/council-on-foreign-relations,true,Verified — institutional link | Source: https://www.cfr.org
031-instagram,CFR (Council on Foreign Relations),https://www.cfr.org,Instagram,cfr_org,https://www.instagram.com/cfr_org,true,Verified — institutional link | Source: https://www.cfr.org
031-facebook,CFR (Council on Foreign Relations),https://www.cfr.org,Facebook,councilonforeignrelations,https://www.facebook.com/councilonforeignrelations,true,Verified — institutional link | Source: https://www.cfr.org
032-youtube,Chatham House,https://www.chathamhouse.org,YouTube,user/ChathamHouse10,https://www.youtube.com/user/ChathamHouse10,true,Verified — institutional link | Source: https://www.chathamhouse.org
032-x,Chatham House,https://www.chathamhouse.org,X,ChathamHouse,https://x.com/ChathamHouse,true,Verified — institutional link | Source: https://www.chathamhouse.org
032-linkedin,Chatham House,https://www.chathamhouse.org,LinkedIn,company/473772,https://www.linkedin.com/company/473772,true,Verified — institutional link | Source: https://www.chathamhouse.org
032-instagram,Chatham House,https://www.chathamhouse.org,Instagram,chathamhouse_org,https://www.instagram.com/chathamhouse_org,true,Verified — institutional link | Source: https://www.chathamhouse.org
032-facebook,Chatham House,https://www.chathamhouse.org,Facebook,ChathamHouse,https://www.facebook.com/ChathamHouse,true,Verified — institutional link | Source: https://www.chathamhouse.org
033-youtube,Chennai Centre for China Studies,https://www.c3sindia.org,YouTube,channel/UCGD84-2OKUfrbkOHqssBstw,https://www.youtube.com/channel/UCGD84-2OKUfrbkOHqssBstw,true,Verified — institutional link | Source: https://www.c3sindia.org
033-x,Chennai Centre for China Studies,https://www.c3sindia.org,X,c3schennai,https://x.com/c3schennai,true,Verified — institutional link | Source: https://www.c3sindia.org
033-linkedin,Chennai Centre for China Studies,https://www.c3sindia.org,LinkedIn,in/c3s-chennai-centre-for-china-studies-9aa224171,https://www.linkedin.com/in/c3s-chennai-centre-for-china-studies-9aa224171,true,Verified — institutional link | Source: https://www.c3sindia.org
033-instagram,Chennai Centre for China Studies,https://www.c3sindia.org,Instagram,c3s.10,https://www.instagram.com/c3s.10,true,Verified — institutional link | Source: https://www.c3sindia.org
033-facebook,Chennai Centre for China Studies,https://www.c3sindia.org,Facebook,c3sindia,https://www.facebook.com/c3sindia,true,Verified — institutional link | Source: https://www.c3sindia.org
034-youtube,Climate Policy Initiative,https://www.climatepolicyinitiative.org,YouTube,channel/UCE8V0iDgBU8mreZdBegVCcA,https://www.youtube.com/channel/UCE8V0iDgBU8mreZdBegVCcA,true,Corroborated — On Think Tanks directory | Source: https://onthinktanks.org/think-tank/climate-policy-initiative/ | Directory-listed account; institutional backlink was not accessible in this review.
034-x,Climate Policy Initiative,https://www.climatepolicyinitiative.org,X,climatepolicy,https://x.com/climatepolicy/,true,Verified — discovered on official website scan | Source: https://www.climatepolicyinitiative.org/ | Discovered from https://www.climatepolicyinitiative.org via fetch.
034-linkedin,Climate Policy Initiative,https://www.climatepolicyinitiative.org,LinkedIn,company/1647140,https://www.linkedin.com/company/1647140,true,Corroborated — On Think Tanks directory | Source: https://onthinktanks.org/think-tank/climate-policy-initiative/ | Directory-listed account; institutional backlink was not accessible in this review.
034-instagram,Climate Policy Initiative,https://www.climatepolicyinitiative.org,Instagram,climate.policy,https://www.instagram.com/climate.policy/,true,Verified — discovered on official website scan | Source: https://www.climatepolicyinitiative.org/ | Discovered from https://www.climatepolicyinitiative.org via fetch.
035-youtube,"Council on Energy, Environment and Water",https://www.ceew.in,YouTube,channel/UCNF-vGnm1jdA_jhrIpk84Tg,https://www.youtube.com/channel/UCNF-vGnm1jdA_jhrIpk84Tg,true,Corroborated — On Think Tanks directory | Source: https://onthinktanks.org/think-tank/council-on-energy-environment-and-water-ceew/ | Directory-listed account; institutional backlink was not accessible in this review.
035-x,"Council on Energy, Environment and Water",https://www.ceew.in,X,CEEWIndia,https://x.com/CEEWIndia,true,Verified — discovered on official website scan | Source: https://www.ceew.in/ | Discovered from https://www.ceew.in via playwright.
035-linkedin,"Council on Energy, Environment and Water",https://www.ceew.in,LinkedIn,company/council-on-energy-environment-and-water,https://www.linkedin.com/company/council-on-energy-environment-and-water,true,Corroborated — On Think Tanks directory | Source: https://onthinktanks.org/think-tank/council-on-energy-environment-and-water-ceew/ | Directory-listed account; institutional backlink was not accessible in this review.
035-instagram,"Council on Energy, Environment and Water",https://www.ceew.in,Instagram,ceewindia,https://www.instagram.com/ceewindia/,true,Verified — discovered on official website scan | Source: https://www.ceew.in/ | Discovered from https://www.ceew.in via playwright.
035-facebook,"Council on Energy, Environment and Water",https://www.ceew.in,Facebook,CEEWIndia,https://www.facebook.com/CEEWIndia/,true,Verified — discovered on official website scan | Source: https://www.ceew.in/ | Discovered from https://www.ceew.in via playwright.
036-youtube,CSIS (Center for Strategic and International Studies),https://www.csis.org,YouTube,user/csisdc,https://www.youtube.com/user/csisdc,true,Verified — institutional link | Source: https://www.csis.org
036-x,CSIS (Center for Strategic and International Studies),https://www.csis.org,X,csis,https://x.com/csis,true,Verified — institutional link | Source: https://www.csis.org
036-linkedin,CSIS (Center for Strategic and International Studies),https://www.csis.org,LinkedIn,company/csis,https://www.linkedin.com/company/csis,true,Verified — institutional link | Source: https://www.csis.org
036-instagram,CSIS (Center for Strategic and International Studies),https://www.csis.org,Instagram,csis,https://www.instagram.com/csis,true,Verified — institutional link | Source: https://www.csis.org
036-facebook,CSIS (Center for Strategic and International Studies),https://www.csis.org,Facebook,CSIS.org,https://www.facebook.com/CSIS.org,true,Verified — institutional link | Source: https://www.csis.org
037-youtube,CUTS International,https://cuts-international.org,YouTube,channel/UCMAhUM4KWSlLdT45TnuXSXg,https://www.youtube.com/channel/UCMAhUM4KWSlLdT45TnuXSXg,true,Verified — institutional link | Source: https://cuts-international.org
037-x,CUTS International,https://cuts-international.org,X,CUTS_Inter,https://x.com/CUTS_Inter,true,Verified — institutional link | Source: https://cuts-international.org
037-linkedin,CUTS International,https://cuts-international.org,LinkedIn,company/cuts-international,https://www.linkedin.com/company/cuts-international,true,Verified — institutional link | Source: https://cuts-international.org
037-instagram,CUTS International,https://cuts-international.org,Instagram,cutsint,https://www.instagram.com/cutsint,true,Verified — institutional link | Source: https://cuts-international.org
037-facebook,CUTS International,https://cuts-international.org,Facebook,cutsjaipur,https://www.facebook.com/cutsjaipur,true,Verified — institutional link | Source: https://cuts-international.org
038-youtube,Delhi Policy Group,https://www.delhipolicygroup.org,YouTube,@dpg_org,https://www.youtube.com/@dpg_org,true,Verified — institutional link | Source: https://www.delhipolicygroup.org
038-x,Delhi Policy Group,https://www.delhipolicygroup.org,X,DPG_ORG,https://x.com/DPG_ORG,true,Verified — institutional link | Source: https://www.delhipolicygroup.org
038-linkedin,Delhi Policy Group,https://www.delhipolicygroup.org,LinkedIn,company/delhi-policy-group,https://www.linkedin.com/company/delhi-policy-group,true,Verified — institutional link | Source: https://www.delhipolicygroup.org
038-instagram,Delhi Policy Group,https://www.delhipolicygroup.org,Instagram,dpg_org,https://www.instagram.com/dpg_org,true,Verified — institutional link | Source: https://www.delhipolicygroup.org
038-facebook,Delhi Policy Group,https://www.delhipolicygroup.org,Facebook,DelhiPolicyGroup,https://www.facebook.com/DelhiPolicyGroup,true,Verified — institutional link | Source: https://www.delhipolicygroup.org
039-youtube,Development Alternatives,https://www.devalt.org,YouTube,user/DevaltDelhi,https://www.youtube.com/user/DevaltDelhi,true,Verified — institutional link | Source: https://devalt.org/
039-x,Development Alternatives,https://www.devalt.org,X,DAperspectives,https://x.com/DAperspectives,true,Verified — institutional link | Source: https://devalt.org/
039-linkedin,Development Alternatives,https://www.devalt.org,LinkedIn,company/development-alternatives,https://www.linkedin.com/company/development-alternatives,true,Verified — institutional link | Source: https://devalt.org/
039-instagram,Development Alternatives,https://www.devalt.org,Instagram,developmentalternatives,https://www.instagram.com/developmentalternatives,true,Verified — institutional link | Source: https://devalt.org/
039-facebook,Development Alternatives,https://www.devalt.org,Facebook,DevaltOfficial,https://www.facebook.com/DevaltOfficial,true,Verified — institutional link | Source: https://devalt.org/
040-youtube,DIIS (Danish Institute for International Studies),https://www.diis.dk/en,YouTube,@DIISpublish,https://www.youtube.com/@DIISpublish,true,Verified — institutional link | Source: https://www.diis.dk/en
040-linkedin,DIIS (Danish Institute for International Studies),https://www.diis.dk/en,LinkedIn,company/danish-institute-for-international-studies,https://www.linkedin.com/company/danish-institute-for-international-studies,true,Verified — institutional link | Source: https://www.diis.dk/en
041-linkedin,East Asia Institute,https://www.eai.or.kr/main/english/,LinkedIn,company/east-asia-institute,https://www.linkedin.com/company/east-asia-institute,true,Corroborated — LinkedIn organization page | Source: https://www.linkedin.com/company/east-asia-institute | LinkedIn page website matches eai.or.kr.
042-youtube,ECFR,https://ecfr.eu,YouTube,c/ECFRTV,https://www.youtube.com/c/ECFRTV,true,Verified — institutional link | Source: https://ecfr.eu
042-x,ECFR,https://ecfr.eu,X,ecfr,https://x.com/ecfr,true,Verified — institutional link | Source: https://ecfr.eu
042-linkedin,ECFR,https://ecfr.eu,LinkedIn,company/european-council-on-foreign-relations,https://www.linkedin.com/company/european-council-on-foreign-relations,true,Verified — institutional link | Source: https://ecfr.eu
042-instagram,ECFR,https://ecfr.eu,Instagram,ecfr.eu,https://www.instagram.com/ecfr.eu,true,Verified — institutional link | Source: https://ecfr.eu
043-youtube,Foreign Policy Research Institute,https://www.fpri.org,YouTube,channel/UCYB1ercr0h50goIy2yEMvIA,https://www.youtube.com/channel/UCYB1ercr0h50goIy2yEMvIA,true,Corroborated — On Think Tanks directory | Source: https://onthinktanks.org/think-tank/foreign-policy-research-institute/ | Directory-listed account; institutional backlink was not accessible in this review.
043-x,Foreign Policy Research Institute,https://www.fpri.org,X,fpri,https://x.com/fpri/,true,Verified — discovered on official website scan | Source: https://www.fpri.org/ | Discovered from https://www.fpri.org via fetch.
043-linkedin,Foreign Policy Research Institute,https://www.fpri.org,LinkedIn,company/foreign-policy-research-institute,https://www.linkedin.com/company/foreign-policy-research-institute,true,Corroborated — On Think Tanks directory | Source: https://onthinktanks.org/think-tank/foreign-policy-research-institute/ | Directory-listed account; institutional backlink was not accessible in this review.
043-facebook,Foreign Policy Research Institute,https://www.fpri.org,Facebook,FPRInews,https://www.facebook.com/FPRInews/,true,Verified — discovered on official website scan | Source: https://www.fpri.org/ | Discovered from https://www.fpri.org via fetch.
044-youtube,Foundation for Defense of Democracies,https://www.fdd.org,YouTube,c/FoundationforDefenseofDemocracies-FDD,https://www.youtube.com/c/FoundationforDefenseofDemocracies-FDD,true,Verified — institutional link | Source: https://www.fdd.org
044-x,Foundation for Defense of Democracies,https://www.fdd.org,X,fdd,https://x.com/fdd,true,Verified — institutional link | Source: https://www.fdd.org
044-linkedin,Foundation for Defense of Democracies,https://www.fdd.org,LinkedIn,company/foundation-for-defense-of-democracies,https://www.linkedin.com/company/foundation-for-defense-of-democracies,true,Verified — institutional link | Source: https://www.fdd.org
044-instagram,Foundation for Defense of Democracies,https://www.fdd.org,Instagram,fdd_org,https://www.instagram.com/fdd_org,true,Verified — institutional link | Source: https://www.fdd.org
044-facebook,Foundation for Defense of Democracies,https://www.fdd.org,Facebook,followFDD,https://www.facebook.com/followFDD,true,Verified — institutional link | Source: https://www.fdd.org
045-youtube,Gateway House: Indian Council on Global Relations,https://www.gatewayhouse.in,YouTube,channel/UCRIjNjS_T48odMrxTylxIxg,https://www.youtube.com/channel/UCRIjNjS_T48odMrxTylxIxg,true,Corroborated — On Think Tanks directory | Source: https://onthinktanks.org/think-tank/%E0%A4%97%E0%A5%87%E0%A4%9F%E0%A4%B5%E0%A5%87-%E0%A4%B9%E0%A4%BE%E0%A4%89%E0%A4%B8%E0%A5%A4-%E0%A4%AD%E0%A4%BE%E0%A4%B0%E0%A4%A4%E0%A5%80%E0%A4%AF-%E0%A4%B5%E0%A4%BF%E0%A4%A6%E0%A5%87%E0%A4%B6/ | Directory-listed account; institutional backlink was not accessible in this review.
045-x,Gateway House: Indian Council on Global Relations,https://www.gatewayhouse.in,X,gatewayhouseind,http://x.com/gatewayhouseind,true,Verified — discovered on official website scan | Source: https://www.gatewayhouse.in/ | Discovered from https://www.gatewayhouse.in via playwright.
045-linkedin,Gateway House: Indian Council on Global Relations,https://www.gatewayhouse.in,LinkedIn,company/gateway-house-indian-council-of-global-relations,https://www.linkedin.com/company/gateway-house-indian-council-of-global-relations,true,Corroborated — On Think Tanks directory | Source: https://onthinktanks.org/think-tank/%E0%A4%97%E0%A5%87%E0%A4%9F%E0%A4%B5%E0%A5%87-%E0%A4%B9%E0%A4%BE%E0%A4%89%E0%A4%B8%E0%A5%A4-%E0%A4%AD%E0%A4%BE%E0%A4%B0%E0%A4%A4%E0%A5%80%E0%A4%AF-%E0%A4%B5%E0%A4%BF%E0%A4%A6%E0%A5%87%E0%A4%B6/ | Directory-listed account; institutional backlink was not accessible in this review.
045-instagram,Gateway House: Indian Council on Global Relations,https://www.gatewayhouse.in,Instagram,gatewayhouse.in,https://www.instagram.com/gatewayhouse.in/,true,Verified — discovered on official website scan | Source: https://www.gatewayhouse.in/ | Discovered from https://www.gatewayhouse.in via playwright.
046-youtube,Heritage Foundation,https://www.heritage.org,YouTube,user/HeritageFoundation,https://www.youtube.com/user/HeritageFoundation,true,Verified — institutional link | Source: https://www.heritage.org
046-x,Heritage Foundation,https://www.heritage.org,X,heritage,https://x.com/heritage,true,Verified — institutional link | Source: https://www.heritage.org
046-linkedin,Heritage Foundation,https://www.heritage.org,LinkedIn,company/the-heritage-foundation,https://www.linkedin.com/company/the-heritage-foundation,true,Verified — institutional link | Source: https://www.heritage.org
046-instagram,Heritage Foundation,https://www.heritage.org,Instagram,heritagefoundation,https://www.instagram.com/heritagefoundation,true,Verified — institutional link | Source: https://www.heritage.org
046-facebook,Heritage Foundation,https://www.heritage.org,Facebook,heritagefoundation,https://www.facebook.com/heritagefoundation,true,Verified — institutional link | Source: https://www.heritage.org
047-youtube,Hoover Institution,https://www.hoover.org,YouTube,user/HooverInstitution,https://www.youtube.com/user/HooverInstitution,true,Verified — institutional link | Source: https://www.hoover.org
047-x,Hoover Institution,https://www.hoover.org,X,HooverInst,https://x.com/HooverInst,true,Verified — institutional link | Source: https://www.hoover.org
047-linkedin,Hoover Institution,https://www.hoover.org,LinkedIn,company/hoover-institution-at-stanford-university,https://www.linkedin.com/company/hoover-institution-at-stanford-university,true,Verified — institutional link | Source: https://www.hoover.org
047-instagram,Hoover Institution,https://www.hoover.org,Instagram,hooverinstitution,https://www.instagram.com/hooverinstitution,true,Verified — institutional link | Source: https://www.hoover.org
047-facebook,Hoover Institution,https://www.hoover.org,Facebook,HooverInstStanford,https://www.facebook.com/HooverInstStanford,true,Verified — institutional link | Source: https://www.hoover.org
048-youtube,Hudson Institute,https://www.hudson.org,YouTube,user/hudsoninstitute,https://www.youtube.com/user/hudsoninstitute,true,Verified — institutional link | Source: https://www.hudson.org
048-x,Hudson Institute,https://www.hudson.org,X,hudsoninstitute,https://x.com/hudsoninstitute,true,Verified — institutional link | Source: https://www.hudson.org
048-linkedin,Hudson Institute,https://www.hudson.org,LinkedIn,company/hudson-institute,https://www.linkedin.com/company/hudson-institute,true,Corroborated — On Think Tanks directory | Source: https://onthinktanks.org/think-tank/hudson-institute/ | Directory-listed account; institutional backlink was not accessible in this review.
048-instagram,Hudson Institute,https://www.hudson.org,Instagram,hudsoninstitute,https://www.instagram.com/hudsoninstitute,true,Verified — institutional link | Source: https://www.hudson.org
048-facebook,Hudson Institute,https://www.hudson.org,Facebook,HudsonInstitute,https://www.facebook.com/HudsonInstitute,true,Verified — institutional link | Source: https://www.hudson.org
049-youtube,IAI (Istituto Affari Internazionali),https://www.iai.it/en,YouTube,user/IAIChannel,https://www.youtube.com/user/IAIChannel,true,Verified — institutional link | Source: https://www.iai.it/en
049-x,IAI (Istituto Affari Internazionali),https://www.iai.it/en,X,IAIonline,https://x.com/IAIonline,true,Verified — institutional link | Source: https://www.iai.it/en
049-linkedin,IAI (Istituto Affari Internazionali),https://www.iai.it/en,LinkedIn,company/istituto-affari-internazionali,https://www.linkedin.com/company/istituto-affari-internazionali,true,Verified — institutional link | Source: https://www.iai.it/en
049-instagram,IAI (Istituto Affari Internazionali),https://www.iai.it/en,Instagram,iai.insta,https://www.instagram.com/iai.insta,true,Verified — institutional link | Source: https://www.iai.it/en
049-facebook,IAI (Istituto Affari Internazionali),https://www.iai.it/en,Facebook,IAIonline,https://www.facebook.com/IAIonline,true,Verified — institutional link | Source: https://www.iai.it/en
050-youtube,Ifri (Institut français des relations internationales),https://www.ifri.org/en,YouTube,channel/UCpfLNjG97sWjGSKYiveWz3w,https://www.youtube.com/channel/UCpfLNjG97sWjGSKYiveWz3w,true,Verified — institutional link | Source: https://www.ifri.org/en/about-ifri
050-x,Ifri (Institut français des relations internationales),https://www.ifri.org/en,X,ifri_,https://x.com/ifri_,true,Verified — institutional link | Source: https://www.ifri.org/en/about-ifri
050-linkedin,Ifri (Institut français des relations internationales),https://www.ifri.org/en,LinkedIn,company/ifri,https://www.linkedin.com/company/ifri,true,Verified — institutional link | Source: https://www.ifri.org/en/about-ifri
050-instagram,Ifri (Institut français des relations internationales),https://www.ifri.org/en,Instagram,ifri_paris,https://www.instagram.com/ifri_paris,true,Verified — institutional link | Source: https://www.ifri.org/en/about-ifri
050-facebook,Ifri (Institut français des relations internationales),https://www.ifri.org/en,Facebook,IfriParis,https://www.facebook.com/IfriParis,true,Verified — institutional link | Source: https://www.ifri.org/en/about-ifri
051-youtube,IISD (International Institute for Sustainable Development),https://www.iisd.org,YouTube,user/iisdvideo,https://www.youtube.com/user/iisdvideo,true,Verified — institutional link | Source: https://www.iisd.org
051-x,IISD (International Institute for Sustainable Development),https://www.iisd.org,X,iisd_news,https://x.com/iisd_news,true,Verified — institutional link | Source: https://www.iisd.org
051-linkedin,IISD (International Institute for Sustainable Development),https://www.iisd.org,LinkedIn,company/international-institute-for-sustainable-development,https://www.linkedin.com/company/international-institute-for-sustainable-development,true,Verified — institutional link | Source: https://www.iisd.org
052-youtube,IISS (International Institute for Strategic Studies),https://www.iiss.org,YouTube,channel/UCYygxNuTTlq2neh6Fu6rP4Q,https://www.youtube.com/channel/UCYygxNuTTlq2neh6Fu6rP4Q,true,Corroborated — On Think Tanks directory | Source: https://onthinktanks.org/think-tank/international-institute-for-strategic-studies/ | Directory-listed account; institutional backlink was not accessible in this review.
052-linkedin,IISS (International Institute for Strategic Studies),https://www.iiss.org,LinkedIn,company/international-institute-for-strategic-studies,https://www.linkedin.com/company/international-institute-for-strategic-studies,true,Corroborated — On Think Tanks directory | Source: https://onthinktanks.org/think-tank/international-institute-for-strategic-studies/ | Directory-listed account; institutional backlink was not accessible in this review.
053-youtube,India Foundation,https://indiafoundation.in,YouTube,channel/UCoa562Q8QrgTAAyqNsx36oA,https://www.youtube.com/channel/UCoa562Q8QrgTAAyqNsx36oA,true,Verified — institutional link | Source: https://indiafoundation.in
053-x,India Foundation,https://indiafoundation.in,X,indfoundation,https://x.com/indfoundation,true,Verified — institutional link | Source: https://indiafoundation.in
053-linkedin,India Foundation,https://indiafoundation.in,LinkedIn,company/india-foundation-delhi,https://www.linkedin.com/company/india-foundation-delhi,true,Verified — institutional link | Source: https://indiafoundation.in
053-instagram,India Foundation,https://indiafoundation.in,Instagram,indiafoundation,https://www.instagram.com/indiafoundation,true,Verified — institutional link | Source: https://indiafoundation.in
053-facebook,India Foundation,https://indiafoundation.in,Facebook,IndiaFoundation,https://www.facebook.com/IndiaFoundation,true,Verified — institutional link | Source: https://indiafoundation.in
054-youtube,India Think Council,https://www.indiathink.org,YouTube,channel/UCA17X1xjY8MVFHwVyoNqYdg,https://www.youtube.com/channel/UCA17X1xjY8MVFHwVyoNqYdg,true,Verified — institutional link | Source: https://www.indiathink.org
054-x,India Think Council,https://www.indiathink.org,X,IndiathinkOrg,https://x.com/IndiathinkOrg,true,Verified — institutional link | Source: https://www.indiathink.org
054-linkedin,India Think Council,https://www.indiathink.org,LinkedIn,company/india-think-council,https://www.linkedin.com/company/india-think-council,true,Verified — institutional link | Source: https://www.indiathink.org
054-facebook,India Think Council,https://www.indiathink.org,Facebook,IndiaThink,https://www.facebook.com/IndiaThink,true,Verified — institutional link | Source: https://www.indiathink.org
055-youtube,Indian Council for Research on International Economic Relations,https://icrier.org,YouTube,channel/UCgiOH9iQULzxSsyIBnEjWrw,https://www.youtube.com/channel/UCgiOH9iQULzxSsyIBnEjWrw,true,Corroborated — On Think Tanks directory | Source: https://onthinktanks.org/think-tank/indian-council-for-research-on-international-economic-relations/ | Directory-listed account; institutional backlink was not accessible in this review.
055-x,Indian Council for Research on International Economic Relations,https://icrier.org,X,icrier,https://x.com/icrier,true,Verified — discovered on official website scan | Source: https://icrier.org/ | Discovered from https://icrier.org via fetch.
055-linkedin,Indian Council for Research on International Economic Relations,https://icrier.org,LinkedIn,company/icrier,https://www.linkedin.com/company/icrier,true,Corroborated — On Think Tanks directory | Source: https://onthinktanks.org/think-tank/indian-council-for-research-on-international-economic-relations/ | Directory-listed account; institutional backlink was not accessible in this review.
055-instagram,Indian Council for Research on International Economic Relations,https://icrier.org,Instagram,icrier.res.in,https://www.instagram.com/icrier.res.in/,true,Verified — discovered on official website scan | Source: https://icrier.org/ | Discovered from https://icrier.org via fetch.
055-facebook,Indian Council for Research on International Economic Relations,https://icrier.org,Facebook,ICRIER,https://www.facebook.com/ICRIER/,true,Verified — discovered on official website scan | Source: https://icrier.org/ | Discovered from https://icrier.org via fetch.
056-youtube,Indian Council of World Affairs,https://www.icwa.in,YouTube,channel/UC0D1OMKLR5eVNIGJ01qKmXg,https://www.youtube.com/channel/UC0D1OMKLR5eVNIGJ01qKmXg,true,Corroborated — On Think Tanks directory | Source: https://onthinktanks.org/think-tank/indian-council-of-world-affairs/ | Directory-listed account; institutional backlink was not accessible in this review.
056-x,Indian Council of World Affairs,https://www.icwa.in,X,ICWA_NewDelhi,https://x.com/ICWA_NewDelhi,true,Verified — discovered on official website scan | Source: https://www.icwa.in/ | Discovered from https://www.icwa.in via playwright.
056-linkedin,Indian Council of World Affairs,https://www.icwa.in,LinkedIn,company/indian-council-of-world-affairs1,https://www.linkedin.com/company/indian-council-of-world-affairs1,true,Corroborated — On Think Tanks directory | Source: https://onthinktanks.org/think-tank/indian-council-of-world-affairs/ | Directory-listed account; institutional backlink was not accessible in this review.
056-facebook,Indian Council of World Affairs,https://www.icwa.in,Facebook,Sapru.House,https://www.facebook.com/Sapru.House,true,Verified — discovered on official website scan | Source: https://www.icwa.in/ | Discovered from https://www.icwa.in via playwright.
057-youtube,Indira Gandhi Institute of Development Research,https://www.igidr.ac.in,YouTube,user/igidrhelpdesk,https://www.youtube.com/user/igidrhelpdesk,true,Verified — institutional link | Source: http://www.igidr.ac.in
057-x,Indira Gandhi Institute of Development Research,https://www.igidr.ac.in,X,Igidr_Mumbai,https://x.com/Igidr_Mumbai,true,Verified — institutional link | Source: http://www.igidr.ac.in
057-linkedin,Indira Gandhi Institute of Development Research,https://www.igidr.ac.in,LinkedIn,school/15095099,https://www.linkedin.com/school/15095099,true,Verified — institutional link | Source: http://www.igidr.ac.in
057-instagram,Indira Gandhi Institute of Development Research,https://www.igidr.ac.in,Instagram,igidr_official,https://www.instagram.com/igidr_official,true,Verified — institutional link | Source: http://www.igidr.ac.in
057-facebook,Indira Gandhi Institute of Development Research,https://www.igidr.ac.in,Facebook,145834332149375,https://www.facebook.com/pages/Igidr/145834332149375,true,Verified — institutional link | Source: http://www.igidr.ac.in
058-youtube,Institute for the Study of War,https://www.understandingwar.org,YouTube,channel/UCwRudqD0bS_hrA0DfU4BwOw,https://www.youtube.com/channel/UCwRudqD0bS_hrA0DfU4BwOw,true,Corroborated — On Think Tanks directory | Source: https://onthinktanks.org/think-tank/institute-for-the-study-of-war/ | Directory-listed account; institutional backlink was not accessible in this review.
058-x,Institute for the Study of War,https://www.understandingwar.org,X,thestudyofwar,https://x.com/thestudyofwar,true,Verified — discovered on official website scan | Source: https://understandingwar.org/ | Discovered from https://www.understandingwar.org via fetch.
058-linkedin,Institute for the Study of War,https://www.understandingwar.org,LinkedIn,company/institute-for-the-study-of-war,https://www.linkedin.com/company/institute-for-the-study-of-war,true,Corroborated — On Think Tanks directory | Source: https://onthinktanks.org/think-tank/institute-for-the-study-of-war/ | Directory-listed account; institutional backlink was not accessible in this review.
058-instagram,Institute for the Study of War,https://www.understandingwar.org,Instagram,thestudyofwar,https://www.instagram.com/thestudyofwar/?hl=en,true,Verified — discovered on official website scan | Source: https://understandingwar.org/ | Discovered from https://www.understandingwar.org via fetch.
058-facebook,Institute for the Study of War,https://www.understandingwar.org,Facebook,InstitutefortheStudyofWar,https://www.facebook.com/InstitutefortheStudyofWar,true,Verified — discovered on official website scan | Source: https://understandingwar.org/ | Discovered from https://www.understandingwar.org via fetch.
059-youtube,Institute of Economic Growth,https://www.iegindia.org,YouTube,channel/UChNRvZHTuw6mLXOXYBAAbfQ,https://www.youtube.com/channel/UChNRvZHTuw6mLXOXYBAAbfQ,true,Verified — institutional link | Source: https://iegindia.org/
059-x,Institute of Economic Growth,https://www.iegindia.org,X,iegresearch,https://x.com/iegresearch,true,Verified — institutional link | Source: https://iegindia.org/
059-linkedin,Institute of Economic Growth,https://www.iegindia.org,LinkedIn,company/institute-of-economics-growth,https://www.linkedin.com/company/institute-of-economics-growth,true,Verified — institutional link | Source: https://iegindia.org/
059-facebook,Institute of Economic Growth,https://www.iegindia.org,Facebook,InstituteofEconomicGrowth,https://www.facebook.com/InstituteofEconomicGrowth,true,Verified — institutional link | Source: https://iegindia.org/
060-x,Institute of Peace and Conflict Studies,https://www.ipcs.org,X,IPCSNewDelhi,https://x.com/IPCSNewDelhi,true,Verified — institutional link | Source: https://www.ipcs.org
060-linkedin,Institute of Peace and Conflict Studies,https://www.ipcs.org,LinkedIn,school/institute-of-peace-and-conflict-studies,https://www.linkedin.com/school/institute-of-peace-and-conflict-studies/,true,Corroborated — LinkedIn organization page | Source: https://www.linkedin.com/school/institute-of-peace-and-conflict-studies/ | LinkedIn school-style page for Institute of Peace and Conflict Studies; website matches ipcs.org.
060-facebook,Institute of Peace and Conflict Studies,https://www.ipcs.org,Facebook,ipcsnewdelhi,https://www.facebook.com/ipcsnewdelhi,true,Verified — institutional link | Source: https://www.ipcs.org
061-x,Integrated Research and Action for Development,https://irade.org,X,IRADe_Delhi,https://x.com/IRADe_Delhi,true,Verified — institutional link | Source: https://irade.org
061-linkedin,Integrated Research and Action for Development,https://irade.org,LinkedIn,company/integrated-research-for-action-development-irade-,https://www.linkedin.com/company/integrated-research-for-action-development-irade-,true,Verified — institutional link | Source: https://irade.org
061-facebook,Integrated Research and Action for Development,https://irade.org,Facebook,IRADeNewDelhi,https://www.facebook.com/IRADeNewDelhi,true,Verified — institutional link | Source: https://irade.org
062-youtube,International Crisis Group,https://www.crisisgroup.org,YouTube,user/crisisgroup,https://www.youtube.com/user/crisisgroup,true,Verified — institutional link | Source: https://www.crisisgroup.org
062-x,International Crisis Group,https://www.crisisgroup.org,X,CrisisGroup,https://x.com/CrisisGroup,true,Verified — institutional link | Source: https://www.crisisgroup.org
062-linkedin,International Crisis Group,https://www.crisisgroup.org,LinkedIn,company/international-crisis-group,https://www.linkedin.com/company/international-crisis-group,true,Verified — institutional link | Source: https://www.crisisgroup.org
062-instagram,International Crisis Group,https://www.crisisgroup.org,Instagram,crisisgroup,https://www.instagram.com/crisisgroup,true,Verified — institutional link | Source: https://www.crisisgroup.org
062-facebook,International Crisis Group,https://www.crisisgroup.org,Facebook,crisisgroup,https://www.facebook.com/crisisgroup,true,Verified — institutional link | Source: https://www.crisisgroup.org
063-youtube,International Republican Institute,https://www.iri.org,YouTube,user/iritv,https://www.youtube.com/user/iritv,true,Verified — institutional link | Source: https://www.iri.org
063-x,International Republican Institute,https://www.iri.org,X,IRIglobal,https://x.com/IRIglobal,true,Verified — institutional link | Source: https://www.iri.org
063-linkedin,International Republican Institute,https://www.iri.org,LinkedIn,company/international-republican-institute,https://www.linkedin.com/company/international-republican-institute,true,Verified — institutional link | Source: https://www.iri.org
063-instagram,International Republican Institute,https://www.iri.org,Instagram,IRIglobal,https://www.instagram.com/IRIglobal,true,Verified — institutional link | Source: https://www.iri.org
063-facebook,International Republican Institute,https://www.iri.org,Facebook,InternationalRepublicanInstitute,https://www.facebook.com/InternationalRepublicanInstitute,true,Verified — institutional link | Source: https://www.iri.org
064-youtube,ISPI (Italian Institute for International Political Studies),https://www.ispionline.it/en,YouTube,channel/UCAFKK8R_81qUvhPdjF-52nA,https://www.youtube.com/channel/UCAFKK8R_81qUvhPdjF-52nA,true,Corroborated — On Think Tanks directory | Source: https://onthinktanks.org/think-tank/istituto-italiano-di-studi-politici-internazionali/ | Directory-listed account; institutional backlink was not accessible in this review.
064-x,ISPI (Italian Institute for International Political Studies),https://www.ispionline.it/en,X,ispionline,https://x.com/ispionline,true,Verified — discovered on official website scan | Source: https://www.ispionline.it/en | Discovered from https://www.ispionline.it/en via fetch.
064-linkedin,ISPI (Italian Institute for International Political Studies),https://www.ispionline.it/en,LinkedIn,company/ispi,https://www.linkedin.com/company/ispi,true,Corroborated — On Think Tanks directory | Source: https://onthinktanks.org/think-tank/istituto-italiano-di-studi-politici-internazionali/ | Directory-listed account; institutional backlink was not accessible in this review.
064-instagram,ISPI (Italian Institute for International Political Studies),https://www.ispionline.it/en,Instagram,ispigram,https://www.instagram.com/ispigram/,true,Verified — discovered on official website scan | Source: https://www.ispionline.it/en | Discovered from https://www.ispionline.it/en via fetch.
064-facebook,ISPI (Italian Institute for International Political Studies),https://www.ispionline.it/en,Facebook,ISPIonline,https://www.facebook.com/ISPIonline,true,Verified — discovered on official website scan | Source: https://www.ispionline.it/en | Discovered from https://www.ispionline.it/en via fetch.
065-youtube,ISS Africa (Institute for Security Studies),https://issafrica.org,YouTube,ISSAfricaTV,https://www.youtube.com/ISSAfricaTV,true,Verified — institutional link | Source: https://issafrica.org
065-x,ISS Africa (Institute for Security Studies),https://issafrica.org,X,issafrica,https://x.com/issafrica,true,Verified — institutional link | Source: https://issafrica.org
065-linkedin,ISS Africa (Institute for Security Studies),https://issafrica.org,LinkedIn,company/institute-for-security-studies,https://www.linkedin.com/company/institute-for-security-studies,true,Verified — institutional link | Source: https://issafrica.org
065-facebook,ISS Africa (Institute for Security Studies),https://issafrica.org,Facebook,issafrica,https://www.facebook.com/issafrica,true,Verified — institutional link | Source: https://issafrica.org
066-youtube,ITIF (Information Technology and Innovation Foundation),https://itif.org,YouTube,@itif,https://www.youtube.com/@itif,true,Verified — institutional link | Source: https://itif.org
066-x,ITIF (Information Technology and Innovation Foundation),https://itif.org,X,ITIFdc,https://x.com/ITIFdc,true,Verified — institutional link | Source: https://itif.org
066-linkedin,ITIF (Information Technology and Innovation Foundation),https://itif.org,LinkedIn,company/information-technology-and-innovation-foundation,https://www.linkedin.com/company/information-technology-and-innovation-foundation,true,Verified — institutional link | Source: https://itif.org
066-instagram,ITIF (Information Technology and Innovation Foundation),https://itif.org,Instagram,itifdc,https://www.instagram.com/itifdc,true,Verified — institutional link | Source: https://itif.org
066-facebook,ITIF (Information Technology and Innovation Foundation),https://itif.org,Facebook,innovationpolicy,https://www.facebook.com/innovationpolicy,true,Verified — institutional link | Source: https://itif.org
067-youtube,Japan Institute of International Affairs (JIIA),https://www.jiia.or.jp/en/,YouTube,channel/UC0_Tol0rF9jExOfGHR7tCPA,https://www.youtube.com/channel/UC0_Tol0rF9jExOfGHR7tCPA,true,Verified — institutional link | Source: https://www.jiia.or.jp/jpn/
067-x,Japan Institute of International Affairs (JIIA),https://www.jiia.or.jp/en/,X,JIIA_jpn,https://x.com/JIIA_jpn,true,Verified — institutional link | Source: https://www.jiia.or.jp/jpn/
067-linkedin,Japan Institute of International Affairs (JIIA),https://www.jiia.or.jp/en/,LinkedIn,company/jiia-center-for-global-outreach-cgo,https://www.linkedin.com/company/jiia%E3%80%80center-for-global-outreach-cgo,true,Sub-unit page — main organization LinkedIn not found | Source: https://www.linkedin.com/company/jiia%E3%80%80center-for-global-outreach-cgo | JIIA Center for Global Outreach page; use with caution for full JIIA follower tracking.
067-facebook,Japan Institute of International Affairs (JIIA),https://www.jiia.or.jp/en/,Facebook,JIIAj,https://www.facebook.com/JIIAj,true,Verified — institutional link | Source: https://www.jiia.or.jp/jpn/
068-youtube,Konrad Adenauer Foundation,https://www.kas.de/en,YouTube,channel/UCxmhfC04y01RmpL1cr1ouxA,https://www.youtube.com/channel/UCxmhfC04y01RmpL1cr1ouxA,true,Corroborated — On Think Tanks directory | Source: https://onthinktanks.org/think-tank/konrad-adenauer-stiftung/ | Directory-listed account; institutional backlink was not accessible in this review.
068-x,Konrad Adenauer Foundation,https://www.kas.de/en,X,KASonline,https://x.com/KASonline,true,Verified — discovered on official website scan | Source: https://www.kas.de/en | Discovered from https://www.kas.de/en via fetch.
068-linkedin,Konrad Adenauer Foundation,https://www.kas.de/en,LinkedIn,company/konrad-adenauer-stiftung,https://www.linkedin.com/company/konrad-adenauer-stiftung,true,Corroborated — On Think Tanks directory | Source: https://onthinktanks.org/think-tank/konrad-adenauer-stiftung/ | Directory-listed account; institutional backlink was not accessible in this review.
068-instagram,Konrad Adenauer Foundation,https://www.kas.de/en,Instagram,onlinekas,https://www.instagram.com/onlinekas/,true,Verified — discovered on official website scan | Source: https://www.kas.de/en | Discovered from https://www.kas.de/en via fetch.
068-facebook,Konrad Adenauer Foundation,https://www.kas.de/en,Facebook,kasfb,https://www.facebook.com/kasfb,true,Verified — discovered on official website scan | Source: https://www.kas.de/en | Discovered from https://www.kas.de/en via fetch.
069-youtube,Lowy Institute,https://www.lowyinstitute.org,YouTube,user/LowyInstitute,https://www.youtube.com/user/LowyInstitute,true,Verified — institutional link | Source: https://www.lowyinstitute.org
069-x,Lowy Institute,https://www.lowyinstitute.org,X,LowyInstitute,https://x.com/LowyInstitute,true,Verified — institutional link | Source: https://www.lowyinstitute.org
069-linkedin,Lowy Institute,https://www.lowyinstitute.org,LinkedIn,company/the-lowy-institute-for-international-policy,https://www.linkedin.com/company/the-lowy-institute-for-international-policy,true,Verified — institutional link | Source: https://www.lowyinstitute.org
069-instagram,Lowy Institute,https://www.lowyinstitute.org,Instagram,lowyinstitute,https://www.instagram.com/lowyinstitute,true,Verified — institutional link | Source: https://www.lowyinstitute.org
070-youtube,Manohar Parrikar Institute for Defence Studies and Analyses,https://www.idsa.in,YouTube,idsaindia,https://www.youtube.com/idsaindia,true,Verified — institutional link | Source: https://idsa.in/
070-x,Manohar Parrikar Institute for Defence Studies and Analyses,https://www.idsa.in,X,IDSAIndia,https://x.com/IDSAIndia,true,Verified — institutional link | Source: https://idsa.in/
070-linkedin,Manohar Parrikar Institute for Defence Studies and Analyses,https://www.idsa.in,LinkedIn,company/manohar-parrikar-institute-for-defence-studies-and-analyses,https://www.linkedin.com/company/manohar-parrikar-institute-for-defence-studies-and-analyses,true,Corroborated — On Think Tanks directory | Source: https://onthinktanks.org/think-tank/manohar-parrikar-institute-for-defence-studies-and-analyses/ | Directory-listed account; institutional backlink was not accessible in this review.
070-instagram,Manohar Parrikar Institute for Defence Studies and Analyses,https://www.idsa.in,Instagram,mpidsa_india,https://www.instagram.com/mpidsa_india,true,Verified — institutional link | Source: https://idsa.in/
070-facebook,Manohar Parrikar Institute for Defence Studies and Analyses,https://www.idsa.in,Facebook,InstituteforDefenceStudiesAnalyses,https://www.facebook.com/InstituteforDefenceStudiesAnalyses,true,Verified — institutional link | Source: https://idsa.in/
071-youtube,Middle East Institute,https://www.mei.edu,YouTube,channel/UCclgK8IW7xKzd6z9DLk8slg,https://www.youtube.com/channel/UCclgK8IW7xKzd6z9DLk8slg,true,Corroborated — On Think Tanks directory | Source: https://onthinktanks.org/think-tank/middle-east-institute/ | Directory-listed account; institutional backlink was not accessible in this review.
071-linkedin,Middle East Institute,https://www.mei.edu,LinkedIn,company/middle-east-institute,https://www.linkedin.com/company/middle-east-institute,true,Corroborated — On Think Tanks directory | Source: https://onthinktanks.org/think-tank/middle-east-institute/ | Directory-listed account; institutional backlink was not accessible in this review.
072-youtube,Migration Policy Institute,https://www.migrationpolicy.org,YouTube,channel/UCdtJ56R55sCQFGfZ7Q7mQJg,https://www.youtube.com/channel/UCdtJ56R55sCQFGfZ7Q7mQJg,true,Corroborated — On Think Tanks directory | Source: https://onthinktanks.org/think-tank/migration-policy-institute/ | Directory-listed account; institutional backlink was not accessible in this review.
072-x,Migration Policy Institute,https://www.migrationpolicy.org,X,MigrationPolicy,https://x.com/MigrationPolicy?lang=en,true,Verified — discovered on official website scan | Source: https://www.migrationpolicy.org/ | Discovered from https://www.migrationpolicy.org via playwright.
072-linkedin,Migration Policy Institute,https://www.migrationpolicy.org,LinkedIn,company/migration-policy-institute,https://www.linkedin.com/company/migration-policy-institute,true,Corroborated — On Think Tanks directory | Source: https://onthinktanks.org/think-tank/migration-policy-institute/ | Directory-listed account; institutional backlink was not accessible in this review.
072-instagram,Migration Policy Institute,https://www.migrationpolicy.org,Instagram,migrationpolicyinstitute,https://www.instagram.com/migrationpolicyinstitute/,true,Verified — discovered on official website scan | Source: https://www.migrationpolicy.org/ | Discovered from https://www.migrationpolicy.org via playwright.
072-facebook,Migration Policy Institute,https://www.migrationpolicy.org,Facebook,MigrationPolicyInstitute,https://www.facebook.com/MigrationPolicyInstitute/,true,Verified — discovered on official website scan | Source: https://www.migrationpolicy.org/ | Discovered from https://www.migrationpolicy.org via playwright.
073-youtube,National Bureau of Asian Research,https://www.nbr.org,YouTube,user/NBRonline,https://www.youtube.com/user/NBRonline,true,Verified — institutional link | Source: https://www.nbr.org
073-x,National Bureau of Asian Research,https://www.nbr.org,X,nbrnews,https://x.com/nbrnews,true,Verified — institutional link | Source: https://www.nbr.org
073-linkedin,National Bureau of Asian Research,https://www.nbr.org,LinkedIn,company/the-national-bureau-of-asian-research,https://www.linkedin.com/company/the-national-bureau-of-asian-research,true,Verified — institutional link | Source: https://www.nbr.org
073-facebook,National Bureau of Asian Research,https://www.nbr.org,Facebook,NBRnews,https://www.facebook.com/NBRnews,true,Verified — institutional link | Source: https://www.nbr.org
074-youtube,National Council of Applied Economic Research,https://www.ncaer.org,YouTube,user/NCAER,https://www.youtube.com/user/NCAER,true,Verified — institutional link | Source: https://ncaer.org/
074-x,National Council of Applied Economic Research,https://www.ncaer.org,X,NCAER,https://x.com/NCAER,true,Verified — institutional link | Source: https://ncaer.org/
074-linkedin,National Council of Applied Economic Research,https://www.ncaer.org,LinkedIn,company/ncaer,https://www.linkedin.com/company/ncaer,true,Verified — institutional link | Source: https://ncaer.org/
075-youtube,National Institute of Advanced Studies,https://www.nias.res.in,YouTube,@nationalinstituteofadvance778,https://www.youtube.com/@nationalinstituteofadvance778,true,Corroborated — On Think Tanks directory | Source: https://onthinktanks.org/think-tank/national-institute-of-advanced-studies/ | Directory-listed account; institutional backlink was not accessible in this review.
075-linkedin,National Institute of Advanced Studies,https://www.nias.res.in,LinkedIn,school/national-institute-of-advanced-studies,https://www.linkedin.com/school/national-institute-of-advanced-studies/,true,Corroborated — LinkedIn organization page | Source: https://www.linkedin.com/school/national-institute-of-advanced-studies/ | LinkedIn school-style page; website matches nias.res.in.
076-youtube,New America,https://www.newamerica.org,YouTube,@NewamericaOrgideas,https://www.youtube.com/@NewamericaOrgideas,true,Verified — institutional link | Source: https://www.newamerica.org
076-x,New America,https://www.newamerica.org,X,NewAmerica,https://x.com/NewAmerica,true,Verified — institutional link | Source: https://www.newamerica.org
076-linkedin,New America,https://www.newamerica.org,LinkedIn,company/new-america,https://www.linkedin.com/company/new-america,true,Verified — institutional link | Source: https://www.newamerica.org
076-instagram,New America,https://www.newamerica.org,Instagram,newamericaorg,https://www.instagram.com/newamericaorg,true,Verified — institutional link | Source: https://www.newamerica.org
076-facebook,New America,https://www.newamerica.org,Facebook,NewAmerica,https://www.facebook.com/NewAmerica,true,Verified — institutional link | Source: https://www.newamerica.org
077-youtube,NUPI (Norwegian Institute of International Affairs),https://www.nupi.no/en,YouTube,user/nupinytt,https://www.youtube.com/user/nupinytt,true,Verified — institutional link | Source: https://www.nupi.no/en
077-x,NUPI (Norwegian Institute of International Affairs),https://www.nupi.no/en,X,nupinytt,https://x.com/nupinytt,true,Verified — institutional link | Source: https://www.nupi.no/en
077-linkedin,NUPI (Norwegian Institute of International Affairs),https://www.nupi.no/en,LinkedIn,company/norwegian-institute-of-international-affairs,https://www.linkedin.com/company/norwegian-institute-of-international-affairs,true,Verified — institutional link | Source: https://www.nupi.no/en
077-instagram,NUPI (Norwegian Institute of International Affairs),https://www.nupi.no/en,Instagram,nupinytt,https://www.instagram.com/nupinytt,true,Verified — institutional link | Source: https://www.nupi.no/en
078-youtube,Observer Research Foundation,https://www.orfonline.org,YouTube,channel/UCkcjGxTW_mLZmmEfWP2UMtQ,https://www.youtube.com/channel/UCkcjGxTW_mLZmmEfWP2UMtQ,true,Verified — institutional link | Source: https://www.orfonline.org
078-x,Observer Research Foundation,https://www.orfonline.org,X,orfonline,https://x.com/orfonline,true,Verified — institutional link | Source: https://www.orfonline.org
078-linkedin,Observer Research Foundation,https://www.orfonline.org,LinkedIn,company/observer-research-foundation,https://www.linkedin.com/company/observer-research-foundation,true,Verified — institutional link | Source: https://www.orfonline.org
078-instagram,Observer Research Foundation,https://www.orfonline.org,Instagram,orfonline,https://www.instagram.com/orfonline,true,Verified — institutional link | Source: https://www.orfonline.org
078-facebook,Observer Research Foundation,https://www.orfonline.org,Facebook,ORFOnline,https://www.facebook.com/ORFOnline,true,Verified — institutional link | Source: https://www.orfonline.org
079-youtube,OIIP (Austrian Institute for International Affairs),https://www.oiip.ac.at/en/,YouTube,channel/UCv1DPI5lm0tN_PXi9m578Gw,https://www.youtube.com/channel/UCv1DPI5lm0tN_PXi9m578Gw,true,Verified — institutional link | Source: https://www.oiip.ac.at/en/
079-x,OIIP (Austrian Institute for International Affairs),https://www.oiip.ac.at/en/,X,InfoOiip,https://x.com/InfoOiip,true,Verified — institutional link | Source: https://www.oiip.ac.at/en/
079-linkedin,OIIP (Austrian Institute for International Affairs),https://www.oiip.ac.at/en/,LinkedIn,in/%C3%B6sterreichisches-institut-f%C3%BCr-internationale-politik-611010216,https://www.linkedin.com/in/%C3%B6sterreichisches-institut-f%C3%BCr-internationale-politik-611010216,true,Verified — institutional link | Source: https://www.oiip.ac.at/en/
079-facebook,OIIP (Austrian Institute for International Affairs),https://www.oiip.ac.at/en/,Facebook,wien.oiip,https://www.facebook.com/wien.oiip,true,Verified — institutional link | Source: https://www.oiip.ac.at/en/
080-youtube,OSW (Centre for Eastern Studies),https://www.osw.waw.pl/en,YouTube,@centreforeasternstudies,https://www.youtube.com/@centreforeasternstudies,true,Corroborated — On Think Tanks directory | Source: https://onthinktanks.org/think-tank/osrodek-studiow-wschodnich/ | Directory-listed account; institutional backlink was not accessible in this review.
080-x,OSW (Centre for Eastern Studies),https://www.osw.waw.pl/en,X,OSW_eng,https://x.com/OSW_eng,true,Verified — discovered on official website scan | Source: https://www.osw.waw.pl/en | Discovered from https://www.osw.waw.pl/en via fetch.
080-linkedin,OSW (Centre for Eastern Studies),https://www.osw.waw.pl/en,LinkedIn,company/centre-for-eastern-studies-osw-,https://www.linkedin.com/company/centre-for-eastern-studies-osw-,true,Corroborated — On Think Tanks directory | Source: https://onthinktanks.org/think-tank/osrodek-studiow-wschodnich/ | Directory-listed account; institutional backlink was not accessible in this review.
080-facebook,OSW (Centre for Eastern Studies),https://www.osw.waw.pl/en,Facebook,CentreforEasternStudies,https://www.facebook.com/CentreforEasternStudies,true,Verified — discovered on official website scan | Source: https://www.osw.waw.pl/en | Discovered from https://www.osw.waw.pl/en via fetch.
081-youtube,PCNS (Policy Center for the New South),https://www.policycenter.ma,YouTube,PolicyCenterfortheNewSouth,https://www.youtube.com/PolicyCenterfortheNewSouth,true,Verified — institutional link | Source: https://www.policycenter.ma
081-x,PCNS (Policy Center for the New South),https://www.policycenter.ma,X,PolicyCenterNS,https://x.com/PolicyCenterNS,true,Verified — institutional link | Source: https://www.policycenter.ma
081-linkedin,PCNS (Policy Center for the New South),https://www.policycenter.ma,LinkedIn,company/policycenterns,https://www.linkedin.com/company/policycenterns,true,Verified — institutional link | Source: https://www.policycenter.ma
081-instagram,PCNS (Policy Center for the New South),https://www.policycenter.ma,Instagram,policycenter.ns,https://www.instagram.com/policycenter.ns,true,Verified — institutional link | Source: https://www.policycenter.ma
081-facebook,PCNS (Policy Center for the New South),https://www.policycenter.ma,Facebook,PolicyCenterNS,https://www.facebook.com/PolicyCenterNS,true,Verified — institutional link | Source: https://www.policycenter.ma
082-youtube,PIIE,https://www.piie.com,YouTube,channel/UCRnLlxwOaxeplsJ8On583Vw,https://www.youtube.com/channel/UCRnLlxwOaxeplsJ8On583Vw,true,Corroborated — On Think Tanks directory | Source: https://onthinktanks.org/think-tank/peterson-institute-for-international-economics/ | Directory-listed account; institutional backlink was not accessible in this review.
082-linkedin,PIIE,https://www.piie.com,LinkedIn,company/piie,https://www.linkedin.com/company/piie,true,Corroborated — On Think Tanks directory | Source: https://onthinktanks.org/think-tank/peterson-institute-for-international-economics/ | Directory-listed account; institutional backlink was not accessible in this review.
083-youtube,Public Affairs Centre (PAC),https://pacindia.org,YouTube,pacindiavideos,https://www.youtube.com/pacindiavideos,true,Verified — institutional link | Source: https://www.pacindia.org/
083-x,Public Affairs Centre (PAC),https://pacindia.org,X,pacindia,https://x.com/pacindia,true,Verified — institutional link | Source: https://www.pacindia.org/
083-linkedin,Public Affairs Centre (PAC),https://pacindia.org,LinkedIn,company/pacindia,https://www.linkedin.com/company/pacindia,true,Verified — institutional link | Source: https://www.pacindia.org/
083-instagram,Public Affairs Centre (PAC),https://pacindia.org,Instagram,pacindia,https://www.instagram.com/pacindia,true,Verified — institutional link | Source: https://www.pacindia.org/
084-youtube,RAND Corporation,https://www.rand.org,YouTube,channel/UCTnsIW_melVWGQC_dxQh45g,https://www.youtube.com/channel/UCTnsIW_melVWGQC_dxQh45g,true,Corroborated — On Think Tanks directory | Source: https://onthinktanks.org/think-tank/rand-corporation/ | Directory-listed account; institutional backlink was not accessible in this review.
084-x,RAND Corporation,https://www.rand.org,X,RANDCorporation,https://x.com/RANDCorporation/,true,Verified — discovered on official website scan | Source: https://www.rand.org/ | Discovered from https://www.rand.org via fetch.
084-linkedin,RAND Corporation,https://www.rand.org,LinkedIn,company/rand-corporation,https://www.linkedin.com/company/rand-corporation,true,Corroborated — On Think Tanks directory | Source: https://onthinktanks.org/think-tank/rand-corporation/ | Directory-listed account; institutional backlink was not accessible in this review.
084-instagram,RAND Corporation,https://www.rand.org,Instagram,randcorporation,https://www.instagram.com/randcorporation/,true,Verified — discovered on official website scan | Source: https://www.rand.org/ | Discovered from https://www.rand.org via fetch.
084-facebook,RAND Corporation,https://www.rand.org,Facebook,RANDCorporation,https://www.facebook.com/RANDCorporation,true,Verified — discovered on official website scan | Source: https://www.rand.org/ | Discovered from https://www.rand.org via fetch.
085-youtube,RIS,https://www.ris.org.in,YouTube,user/RISNewDelhi,https://www.youtube.com/user/RISNewDelhi,true,Verified — institutional link | Source: https://www.ris.org.in
085-x,RIS,https://www.ris.org.in,X,RIS_NewDelhi,https://x.com/RIS_NewDelhi,true,Verified — institutional link | Source: https://www.ris.org.in
085-linkedin,RIS,https://www.ris.org.in,LinkedIn,company/research-and-information-system-for-developing-countries,https://www.linkedin.com/company/research-and-information-system-for-developing-countries,true,Verified — institutional link | Source: https://www.ris.org.in
085-instagram,RIS,https://www.ris.org.in,Instagram,risdelhi,https://www.instagram.com/risdelhi,true,Verified — institutional link | Source: https://www.ris.org.in
085-facebook,RIS,https://www.ris.org.in,Facebook,RISIndia,https://www.facebook.com/RISIndia,true,Verified — institutional link | Source: https://www.ris.org.in
086-youtube,SAIIA (South African Institute of International Affairs),https://saiia.org.za,YouTube,saiiaclips,https://www.youtube.com/saiiaclips,true,Verified — institutional link | Source: https://saiia.org.za
086-x,SAIIA (South African Institute of International Affairs),https://saiia.org.za,X,SAIIA_info,https://x.com/SAIIA_info,true,Verified — institutional link | Source: https://saiia.org.za
086-linkedin,SAIIA (South African Institute of International Affairs),https://saiia.org.za,LinkedIn,company/1121142,https://www.linkedin.com/company/1121142,true,Verified — institutional link | Source: https://saiia.org.za
086-instagram,SAIIA (South African Institute of International Affairs),https://saiia.org.za,Instagram,saiia_org,https://www.instagram.com/saiia_org,true,Verified — institutional link | Source: https://saiia.org.za
086-facebook,SAIIA (South African Institute of International Affairs),https://saiia.org.za,Facebook,295535758902,https://www.facebook.com/pages/South-African-Institute-of-International-Affairs/295535758902,true,Verified — institutional link | Source: https://saiia.org.za
087-youtube,SIPRI (Stockholm International Peace Research Institute),https://www.sipri.org,YouTube,user/SIPRIorg,https://www.youtube.com/user/SIPRIorg,true,Verified — institutional link | Source: https://www.sipri.org
087-x,SIPRI (Stockholm International Peace Research Institute),https://www.sipri.org,X,SIPRIorg,https://x.com/SIPRIorg,true,Verified — institutional link | Source: https://www.sipri.org
087-linkedin,SIPRI (Stockholm International Peace Research Institute),https://www.sipri.org,LinkedIn,company/sipri,https://www.linkedin.com/company/sipri,true,Verified — institutional link | Source: https://www.sipri.org
087-instagram,SIPRI (Stockholm International Peace Research Institute),https://www.sipri.org,Instagram,sipriorg,https://www.instagram.com/sipriorg,true,Verified — institutional link | Source: https://www.sipri.org
087-facebook,SIPRI (Stockholm International Peace Research Institute),https://www.sipri.org,Facebook,sipri.org,https://www.facebook.com/sipri.org,true,Verified — institutional link | Source: https://www.sipri.org
088-youtube,Stimson Centre,https://www.stimson.org,YouTube,channel/UCMzl-NrhN_SuBYJho4UEx9Q,https://www.youtube.com/channel/UCMzl-NrhN_SuBYJho4UEx9Q,true,Corroborated — On Think Tanks directory | Source: https://onthinktanks.org/think-tank/stimson-center/ | Directory-listed account; institutional backlink was not accessible in this review.
088-linkedin,Stimson Centre,https://www.stimson.org,LinkedIn,company/the-henry-l.-stimson-center,https://www.linkedin.com/company/the-henry-l.-stimson-center,true,Corroborated — On Think Tanks directory | Source: https://onthinktanks.org/think-tank/stimson-center/ | Directory-listed account; institutional backlink was not accessible in this review.
089-youtube,SWP (German Institute for International and Security Affairs),https://www.swp-berlin.org/en,YouTube,@SWP-Berlin,https://www.youtube.com/@SWP-Berlin,true,Verified — institutional link | Source: https://www.swp-berlin.org/en
089-linkedin,SWP (German Institute for International and Security Affairs),https://www.swp-berlin.org/en,LinkedIn,company/swp-berlin,https://www.linkedin.com/company/swp-berlin,true,Verified — institutional link | Source: https://www.swp-berlin.org/en
090-youtube,Tax Foundation,https://taxfoundation.org,YouTube,user/TaxFoundation,https://www.youtube.com/user/TaxFoundation,true,Verified — institutional link | Source: https://taxfoundation.org
090-x,Tax Foundation,https://taxfoundation.org,X,taxfoundation,https://x.com/taxfoundation,true,Verified — institutional link | Source: https://taxfoundation.org
090-linkedin,Tax Foundation,https://taxfoundation.org,LinkedIn,company/tax-foundation,https://www.linkedin.com/company/tax-foundation,true,Verified — institutional link | Source: https://taxfoundation.org
090-instagram,Tax Foundation,https://taxfoundation.org,Instagram,tax.foundation,https://www.instagram.com/tax.foundation,true,Verified — institutional link | Source: https://taxfoundation.org
090-facebook,Tax Foundation,https://taxfoundation.org,Facebook,taxfoundation,https://www.facebook.com/taxfoundation,true,Verified — institutional link | Source: https://taxfoundation.org
091-youtube,The Energy and Resources Institute,https://www.teriin.org,YouTube,user/teri,https://www.youtube.com/user/teri,true,Verified — institutional link | Source: https://www.teriin.org
091-x,The Energy and Resources Institute,https://www.teriin.org,X,teriin,https://x.com/teriin,true,Verified — institutional link | Source: https://www.teriin.org
091-linkedin,The Energy and Resources Institute,https://www.teriin.org,LinkedIn,company/teriin,https://www.linkedin.com/company/teriin,true,Verified — institutional link | Source: https://www.teriin.org
091-instagram,The Energy and Resources Institute,https://www.teriin.org,Instagram,teriindia,https://www.instagram.com/teriindia,true,Verified — institutional link | Source: https://www.teriin.org
091-facebook,The Energy and Resources Institute,https://www.teriin.org,Facebook,TERIIN,https://www.facebook.com/TERIIN,true,Verified — institutional link | Source: https://www.teriin.org
092-youtube,The Takshashila Institution,https://takshashila.org.in,YouTube,c/TakshashilaInst,https://www.youtube.com/c/TakshashilaInst,true,Verified — institutional link | Source: https://takshashila.org.in
092-x,The Takshashila Institution,https://takshashila.org.in,X,TakshashilaInst,https://x.com/TakshashilaInst,true,Verified — institutional link | Source: https://takshashila.org.in
092-linkedin,The Takshashila Institution,https://takshashila.org.in,LinkedIn,school/the-takshashila-institution,https://www.linkedin.com/school/the-takshashila-institution,true,Verified — institutional link | Source: https://takshashila.org.in
092-instagram,The Takshashila Institution,https://takshashila.org.in,Instagram,takshashilainst,https://www.instagram.com/takshashilainst,true,Verified — institutional link | Source: https://takshashila.org.in
093-youtube,Urban Institute,https://www.urban.org,YouTube,channel/UCiODGs5uF-ZdoLTrRXlkv7g,https://www.youtube.com/channel/UCiODGs5uF-ZdoLTrRXlkv7g,true,Corroborated — On Think Tanks directory | Source: https://onthinktanks.org/think-tank/urban-institute/ | Directory-listed account; institutional backlink was not accessible in this review.
093-linkedin,Urban Institute,https://www.urban.org,LinkedIn,company/the-urban-institute,https://www.linkedin.com/company/the-urban-institute,true,Corroborated — On Think Tanks directory | Source: https://onthinktanks.org/think-tank/urban-institute/ | Directory-listed account; institutional backlink was not accessible in this review.
094-youtube,Washington Institute for Near East Policy,https://www.washingtoninstitute.org,YouTube,user/WashingtonInstitute,https://www.youtube.com/user/WashingtonInstitute,true,Verified — institutional link | Source: https://www.washingtoninstitute.org
094-x,Washington Institute for Near East Policy,https://www.washingtoninstitute.org,X,WashInstitute,https://x.com/WashInstitute,true,Verified — institutional link | Source: https://www.washingtoninstitute.org
094-linkedin,Washington Institute for Near East Policy,https://www.washingtoninstitute.org,LinkedIn,company/the-washington-institute-for-near-east-policy,https://www.linkedin.com/company/the-washington-institute-for-near-east-policy,true,Verified — institutional link | Source: https://www.washingtoninstitute.org
094-facebook,Washington Institute for Near East Policy,https://www.washingtoninstitute.org,Facebook,WashingtonInstitute,https://www.facebook.com/WashingtonInstitute,true,Verified — institutional link | Source: https://www.washingtoninstitute.org
