run_id,captured_date,name,website,youtube_count,youtube_raw,youtube_precision,youtube_status,youtube_source,x_count,x_raw,x_precision,x_status,x_source,linkedin_count,linkedin_raw,linkedin_precision,linkedin_status,linkedin_source,instagram_count,instagram_raw,instagram_precision,instagram_status,instagram_source,facebook_count,facebook_raw,facebook_precision,facebook_status,facebook_source,last_captured_at
2026-09-16_09-00-36-892,2026-09-16,ACET (African Center for Economic Transformation),https://acetforafrica.org,,,,,,18912,18912,exact_public,collected,https://x.com/acetforafrica,,,,,,,,,,,,,,,,2026-09-16T09:00:36.899Z
2026-09-16_09-25-17-709,2026-09-16,ACET (African Center for Economic Transformation),https://acetforafrica.org,615,615,exact_public,collected,https://www.youtube.com/user/acetforafrica,18912,18912,exact_public,collected,https://x.com/acetforafrica,31731,"31,731",exact_public,collected,https://www.linkedin.com/company/acetforafrica,1789,1789,exact_public,collected,https://www.instagram.com/acetforafrica,29801,"29,801",exact_public,collected,https://www.facebook.com/acetforafrica,2026-09-16T09:26:03.757Z
2026-09-16_09-00-36-892,2026-09-16,Africa Center,https://www.atlanticcouncil.org/programs/africa-center/,,,,,,10734,10734,exact_public,collected,https://x.com/acafricacenter,,,,,,,,,,,,,,,,2026-09-16T09:00:38.998Z
2026-09-16_09-25-17-709,2026-09-16,Africa Center,https://www.atlanticcouncil.org/programs/africa-center/,,,,,,10734,10734,exact_public,collected,https://x.com/acafricacenter,2672,"2,672",exact_public,collected,https://www.linkedin.com/showcase/atlantic-council-africa-center,,,,,,,,,,,2026-09-16T09:26:18.933Z
2026-09-16_09-00-36-892,2026-09-16,Al Jazeera Centre for Studies,https://studies.aljazeera.net/en,,,,,,207359,207359,exact_public,collected,https://x.com/AJStudies,,,,,,,,,,,,,,,,2026-09-16T09:00:41.190Z
2026-09-16_09-25-17-709,2026-09-16,Al Jazeera Centre for Studies,https://studies.aljazeera.net/en,44300,44.3K,rounded_public,collected,https://www.youtube.com/user/aljazeerasc,207359,207359,exact_public,collected,https://x.com/AJStudies,297990,"297,990",exact_public,collected,https://www.linkedin.com/company/aljazeera,36666,36666,exact_public,collected,https://www.instagram.com/ajstudies,172971,"172,971",exact_public,collected,https://www.facebook.com/ajstudies,2026-09-16T09:26:48.151Z
2026-09-16_09-25-17-709,2026-09-16,American Enterprise Institute,https://www.aei.org,223000,223K,rounded_public,collected,https://www.youtube.com/channel/UCt8lRYpzb-sSrKFb4DT2ECw,,,,,,56255,"56,255",exact_public,collected,https://www.linkedin.com/company/american-enterprise-institute,,,,,,,,,,,2026-09-16T09:27:12.041Z
2026-09-16_09-00-36-892,2026-09-16,ASPI (Australian Strategic Policy Institute),https://www.aspi.org.au,,,,,,56515,56515,exact_public,collected,https://x.com/ASPI_org,,,,,,,,,,,,,,,,2026-09-16T09:00:42.951Z
2026-09-16_09-25-17-709,2026-09-16,ASPI (Australian Strategic Policy Institute),https://www.aspi.org.au,9150,9.15K,rounded_public,collected,https://www.youtube.com/user/ASPICanberra,56515,56515,exact_public,collected,https://x.com/ASPI_org,64222,"64,222",exact_public,collected,https://www.linkedin.com/company/australian-strategic-policy-institute,1080,1080,exact_public,collected,https://www.instagram.com/aspi_org,28223,"28,223",exact_public,collected,https://www.facebook.com/ASPI.org,2026-09-16T09:27:43.667Z
2026-09-16_09-00-36-892,2026-09-16,Association for Democratic Reforms,https://adrindia.org,,,,,,27269,27269,exact_public,collected,https://x.com/adrspeaks,,,,,,,,,,,,,,,,2026-09-16T09:00:45.366Z
2026-09-16_09-25-17-709,2026-09-16,Association for Democratic Reforms,https://adrindia.org,9100,9.1K,rounded_public,collected,https://www.youtube.com/user/adrspeaks,27269,27269,exact_public,collected,https://x.com/adrspeaks,3777,"3,777",exact_public,collected,https://www.linkedin.com/company/association-for-democratic-reforms,2691,2691,exact_public,collected,https://www.instagram.com/adrspeaks,64703,"64,703",exact_public,collected,https://www.facebook.com/adr.new,2026-09-16T09:28:24.672Z
2026-09-16_09-00-36-892,2026-09-16,Atlantic Council,https://www.atlanticcouncil.org,,,,,,225457,225457,exact_public,collected,https://x.com/atlanticcouncil,,,,,,,,,,,,,,,,2026-09-16T09:00:47.544Z
2026-09-16_09-25-17-709,2026-09-16,Atlantic Council,https://www.atlanticcouncil.org,126000,126K,rounded_public,collected,https://www.youtube.com/atlanticcouncil,225459,225459,exact_public,collected,https://x.com/atlanticcouncil,179962,"179,962",exact_public,collected,https://www.linkedin.com/company/atlantic-council,47701,47701,exact_public,collected,https://www.instagram.com/atlanticcouncil,66156,"66,156",exact_public,collected,https://www.facebook.com/AtlanticCouncil/,2026-09-16T09:29:05.517Z
2026-09-16_09-25-17-709,2026-09-16,Belfer Center,https://www.belfercenter.org,37100,37.1K,rounded_public,collected,https://www.youtube.com/user/BelferCenter,,,,,,37931,"37,931",exact_public,collected,https://www.linkedin.com/company/belfercenter,6770,6770,exact_public,collected,https://www.instagram.com/belfercenter,,,,count_not_found,https://www.facebook.com/belfercenter,2026-09-16T09:29:43.360Z
2026-09-16_09-00-36-892,2026-09-16,Bipartisan Policy Center,https://bipartisanpolicy.org,,,,,,34377,34377,exact_public,collected,https://x.com/BPC_Bipartisan,,,,,,,,,,,,,,,,2026-09-16T09:00:49.583Z
2026-09-16_09-25-17-709,2026-09-16,Bipartisan Policy Center,https://bipartisanpolicy.org,5810,5.81K,rounded_public,collected,https://www.youtube.com/channel/UCr1L-KDu5MZMPpmV-gr48fQ,34377,34377,exact_public,collected,https://x.com/BPC_Bipartisan,31130,"31,130",exact_public,collected,https://www.linkedin.com/company/bipartisan-policy-center,5670,5670,exact_public,collected,https://www.instagram.com/bpc_bipartisan,17816,"17,816",exact_public,collected,https://www.facebook.com/BipartisanPolicyCenter,2026-09-16T09:30:23.466Z
2026-09-16_09-00-36-892,2026-09-16,Brookings,https://www.brookings.edu,,,,,,449418,449418,exact_public,collected,https://x.com/BrookingsInst,,,,,,,,,,,,,,,,2026-09-16T09:00:51.854Z
2026-09-16_09-25-17-709,2026-09-16,Brookings,https://www.brookings.edu,172000,172K,rounded_public,collected,https://www.youtube.com/user/BrookingsInstitution,449420,449420,exact_public,collected,https://x.com/BrookingsInst,282348,"282,348",exact_public,collected,https://www.linkedin.com/company/the-brookings-institution,78417,78417,exact_public,collected,https://www.instagram.com/brookingsinst,404823,"404,823",exact_public,collected,https://www.facebook.com/brookings,2026-09-16T09:31:04.983Z
2026-09-16_09-25-17-709,2026-09-16,Bruegel,https://www.bruegel.org,5880,5.88K,rounded_public,collected,https://www.youtube.com/user/BruegelTV,,,,,,49663,"49,663",exact_public,collected,https://www.linkedin.com/company/bruegel,2313,2313,exact_public,collected,https://www.instagram.com/bruegel_thinktank,,,,,,2026-09-16T09:31:30.605Z
2026-09-16_09-00-36-892,2026-09-16,Carnegie Endowment for International Peace,https://carnegieendowment.org,,,,,,263988,263988,exact_public,collected,https://x.com/CarnegieEndow,,,,,,,,,,,,,,,,2026-09-16T09:00:54.013Z
2026-09-16_09-25-17-709,2026-09-16,Carnegie Endowment for International Peace,https://carnegieendowment.org,85900,85.9K,rounded_public,collected,https://www.youtube.com/CarnegieEndowment,263988,263988,exact_public,collected,https://x.com/CarnegieEndow,105725,"105,725",exact_public,collected,https://www.linkedin.com/company/carnegieendowment,32780,32780,exact_public,collected,https://www.instagram.com/carnegieendow,224953,"224,953",exact_public,collected,https://www.facebook.com/carnegieendowment,2026-09-16T09:32:10.234Z
2026-09-16_09-25-17-709,2026-09-16,Cato Institute,https://www.cato.org,107000,107K,rounded_public,collected,https://www.youtube.com/channel/UCyl7zwI6giPG6zC3uC8GGVg,,,,,,68282,"68,282",exact_public,collected,https://www.linkedin.com/company/cato-institute,,,,,,,,,,,2026-09-16T09:32:33.927Z
2026-09-16_09-00-36-892,2026-09-16,Center for a New American Security,https://www.cnas.org,,,,,,64441,64441,exact_public,collected,https://x.com/cnasdc,,,,,,,,,,,,,,,,2026-09-16T09:00:56.002Z
2026-09-16_09-25-17-709,2026-09-16,Center for a New American Security,https://www.cnas.org,12300,12.3K,rounded_public,collected,https://www.youtube.com/user/CNASdc,64441,64441,exact_public,collected,https://x.com/cnasdc,34979,"34,979",exact_public,collected,https://www.linkedin.com/company/center-for-a-new-american-security,2189,2189,exact_public,collected,https://www.instagram.com/cnasdc,14352,"14,352",exact_public,collected,https://www.facebook.com/CNASdc,2026-09-16T09:33:29.529Z
2026-09-16_09-00-36-892,2026-09-16,Centre for Air Power Studies,https://capsindia.org,,,,,,9187,9187,exact_public,collected,https://x.com/caps_india,,,,,,,,,,,,,,,,2026-09-16T09:00:58.838Z
2026-09-16_09-25-17-709,2026-09-16,Centre for Air Power Studies,https://capsindia.org,,,,,,9187,9187,exact_public,collected,https://x.com/caps_india,,,,count_not_found,https://www.linkedin.com/authwall?trk=gf&trkInfo=AQEXHgzpwlOU5AAAAaCpkLRgIUs0vE005RXe3A083ofLL_GXpeB9oZ3lozhEn03mWocmgb2w1gmw3FbzihcRmw_4i9c-khxokrPcKxE2IQTy0aLphu6ddgN5vWzUoo8GTjLyPXI=&original_referer=&sessionRedirect=https%3A%2F%2Fwww.linkedin.com%2Fin%2Fcentre-for-air-power-studies-caps-4216ab82,,,,,,,,,,,2026-09-16T09:33:44.092Z
2026-09-16_09-00-36-892,2026-09-16,Centre for Budget and Governance Accountability,https://www.cbgaindia.org,,,,,,1735,1735,exact_public,collected,https://x.com/CBGAIndia,,,,,,,,,,,,,,,,2026-09-16T09:01:00.741Z
2026-09-16_09-25-17-709,2026-09-16,Centre for Budget and Governance Accountability,https://www.cbgaindia.org,369,369,exact_public,collected,https://www.youtube.com/channel/UCIve0XhNPeY5on7UPjQeRtg,1735,1735,exact_public,collected,https://x.com/CBGAIndia,3071,"3,071",exact_public,collected,https://www.linkedin.com/company/cbgaindia,,,,,,2035,"2,035",exact_public,collected,https://www.facebook.com/CBGAIndia,2026-09-16T09:34:06.733Z
2026-09-16_09-00-36-892,2026-09-16,Centre for Budget and Policy Studies,https://cbps.in,,,,,,533,533,exact_public,collected,https://x.com/CbpsBlr,,,,,,,,,,,,,,,,2026-09-16T09:01:03.040Z
2026-09-16_09-25-17-709,2026-09-16,Centre for Budget and Policy Studies,https://cbps.in,240,240,exact_public,collected,https://www.youtube.com/user/CBPSMedia,533,533,exact_public,collected,https://x.com/CbpsBlr,7834,"7,834",exact_public,collected,https://www.linkedin.com/company/cbpsblr,392,392,exact_public,collected,https://www.instagram.com/cbpsblr,2724,"2,724",exact_public,collected,https://www.facebook.com/cbpsblr,2026-09-16T09:34:46.891Z
2026-09-16_09-00-36-892,2026-09-16,Centre for Civil Society,https://ccs.in,,,,,,10205,10205,exact_public,collected,https://x.com/ccsindia,,,,,,,,,,,,,,,,2026-09-16T09:01:04.967Z
2026-09-16_09-25-17-709,2026-09-16,Centre for Civil Society,https://ccs.in,8600,8.6K,rounded_public,collected,https://www.youtube.com/c/ccsindiatv,10205,10205,exact_public,collected,https://x.com/ccsindia,69954,"69,954",exact_public,collected,https://www.linkedin.com/company/ccsindia,10970,10970,exact_public,collected,https://www.instagram.com/ccsindia,146160,"146,160",exact_public,collected,https://www.facebook.com/ccsindia,2026-09-16T09:35:27.894Z
2026-09-16_09-00-36-892,2026-09-16,Centre for Development Studies,https://cds.edu,,,,,,837,837,exact_public,collected,https://x.com/CdsTrivandrum,,,,,,,,,,,,,,,,2026-09-16T09:01:06.850Z
2026-09-16_09-25-17-709,2026-09-16,Centre for Development Studies,https://cds.edu,1200,1.2K,rounded_public,collected,https://www.youtube.com/cdskeral,837,837,exact_public,collected,https://x.com/CdsTrivandrum,,,,count_not_found,https://www.linkedin.com/authwall?trk=gf&trkInfo=AQF5e8lSmL1bwgAAAaCpkrQYnC2NyfjSkFYsPEnijGSaT-Pw6Eb5mH-AEVMERLmURAIdslmv-6a401LSPmVS5RjDZxRWb5XNXS-IsHzQcLs5rc7nmJjfZBWPadzW7qz2apdcDOQ=&original_referer=&sessionRedirect=https%3A%2F%2Fwww.linkedin.com%2Fin%2Fcds-centre-for-development-studies-a69046323,,,,,,,,,count_not_found,https://www.facebook.com/groups/161461153897391,2026-09-16T09:36:17.816Z
2026-09-16_09-00-36-892,2026-09-16,Centre for Gender and Politics,https://www.cgaps.org,,,,,,786,786,exact_public,collected,https://x.com/cgap_sa,,,,,,,,,,,,,,,,2026-09-16T09:01:08.789Z
2026-09-16_09-25-17-709,2026-09-16,Centre for Gender and Politics,https://www.cgaps.org,64,64,exact_public,collected,https://www.youtube.com/@cgapsouthasia,786,786,exact_public,collected,https://x.com/cgap_sa,10944,"10,944",exact_public,collected,https://www.linkedin.com/company/cgap,837,837,exact_public,collected,https://www.instagram.com/cgapsouthasia,,,,,,2026-09-16T09:36:50.731Z
2026-09-16_09-25-17-709,2026-09-16,Centre for Land Warfare Studies (CLAWS),https://www.claws.in,14400,14.4K,rounded_public,collected,https://www.youtube.com/channel/UCi8jLGp-l1_SIS7Oc1z4yRA,,,,,,15557,"15,557",exact_public,collected,https://www.linkedin.com/company/centre-for-land-warfare-studies-claws,,,,,,,,,,,2026-09-16T09:37:14.967Z
2026-09-16_09-00-36-892,2026-09-16,Centre for Policy Research,https://cprindia.org,,,,,,64389,64389,exact_public,collected,https://x.com/CPR_India,,,,,,,,,,,,,,,,2026-09-16T09:01:10.748Z
2026-09-16_09-25-17-709,2026-09-16,Centre for Policy Research,https://cprindia.org,23200,23.2K,rounded_public,collected,https://www.youtube.com/channel/UCT0LvSYjYr2gmUDhx7Z3wtw,64389,64389,exact_public,collected,https://x.com/CPR_India,137599,"137,599",exact_public,collected,https://www.linkedin.com/company/centre-for-policy-research,20697,20697,exact_public,collected,https://www.instagram.com/cpr_india,17688,"17,688",exact_public,collected,https://www.facebook.com/CentreforPolicyResearch,2026-09-16T09:38:00.076Z
2026-09-16_09-25-17-709,2026-09-16,Centre for Public Policy,https://www.iimb.ac.in/centres-of-excellence/cpp,,,,,,,,,,,1716,"1,716",exact_public,collected,https://www.linkedin.com/company/cpp-iimb,,,,,,,,,,,2026-09-16T09:38:13.904Z
2026-09-16_09-00-36-892,2026-09-16,Centre for Public Policy Research,https://www.cppr.in,,,,,,2775,2775,exact_public,collected,https://x.com/CPPRIndia,,,,,,,,,,,,,,,,2026-09-16T09:01:12.901Z
2026-09-16_09-25-17-709,2026-09-16,Centre for Public Policy Research,https://www.cppr.in,2580,2.58K,rounded_public,collected,https://www.youtube.com/user/CPPRIndia,2774,2774,exact_public,collected,https://x.com/CPPRIndia,118990,"118,990",exact_public,collected,https://www.linkedin.com/company/cpprindia,2605,2605,exact_public,collected,https://www.instagram.com/cpprindia,11719,"11,719",exact_public,collected,https://www.facebook.com/cpprindia,2026-09-16T09:38:42.554Z
2026-09-16_09-00-36-892,2026-09-16,Centre for Social and Economic Progress,https://csep.org,,,,,,44157,44157,exact_public,collected,https://x.com/CSEP_Org,,,,,,,,,,,,,,,,2026-09-16T09:01:15.261Z
2026-09-16_09-25-17-709,2026-09-16,Centre for Social and Economic Progress,https://csep.org,10200,10.2K,rounded_public,collected,https://www.youtube.com/channel/UCB-HDsHu8v-7e_UvAJBW5OQ,44157,44157,exact_public,collected,https://x.com/CSEP_Org,87658,"87,658",exact_public,collected,https://www.linkedin.com/company/csep-org,,,,,,8253,"8,253",exact_public,collected,https://www.facebook.com/csepresearch,2026-09-16T09:39:10.533Z
2026-09-16_09-00-36-892,2026-09-16,"Centre for Study of Science, Technology and Policy",https://cstep.in,,,,,,4470,4470,exact_public,collected,https://x.com/CSTEP_India,,,,,,,,,,,,,,,,2026-09-16T09:01:17.481Z
2026-09-16_09-25-17-709,2026-09-16,"Centre for Study of Science, Technology and Policy",https://cstep.in,962,962,exact_public,collected,https://www.youtube.com/channel/UCROj7dD9PqkZj4My5En829A,4470,4470,exact_public,collected,https://x.com/CSTEP_India,27243,"27,243",exact_public,collected,https://www.linkedin.com/company/cstep,1186,1186,exact_public,collected,https://www.instagram.com/cstep_ind,,,,,,2026-09-16T09:39:39.000Z
2026-09-16_09-00-36-892,2026-09-16,Centre for the Study of Developing Societies,https://www.csds.in,,,,,,11595,11595,exact_public,collected,https://x.com/csdsdelhi,,,,,,,,,,,,,,,,2026-09-16T09:01:19.628Z
2026-09-16_09-25-17-709,2026-09-16,Centre for the Study of Developing Societies,https://www.csds.in,6760,6.76K,rounded_public,collected,https://www.youtube.com/csdsdelhi,11595,11595,exact_public,collected,https://x.com/csdsdelhi,,,,count_not_found,https://www.linkedin.com/in/csds-delhi-450319214,,,,,,12879,"12,879",exact_public,collected,https://www.facebook.com/csdsdelhi,2026-09-16T09:40:12.614Z
2026-09-16_09-00-36-892,2026-09-16,CEPA (Center for European Policy Analysis),https://cepa.org,,,,,,66773,66773,exact_public,collected,https://x.com/cepa,,,,,,,,,,,,,,,,2026-09-16T09:01:21.633Z
2026-09-16_09-25-17-709,2026-09-16,CEPA (Center for European Policy Analysis),https://cepa.org,4330,4.33K,rounded_public,collected,https://www.youtube.com/channel/UCiYaHwnU8S_pXYFDLM6RXGw,66774,66774,exact_public,collected,https://x.com/cepa,92721,"92,721",exact_public,collected,https://www.linkedin.com/company/center-for-european-policy-analysis,4207,4207,exact_public,collected,https://www.instagram.com/cepaorg,16027,"16,027",exact_public,collected,https://www.facebook.com/CenterforEuropeanPolicyAnalysis,2026-09-16T09:41:00.666Z
2026-09-16_09-00-36-892,2026-09-16,CEPR (Center for Economic and Policy Research),https://cepr.net,,,,,,48359,48359,exact_public,collected,https://x.com/ceprdc,,,,,,,,,,,,,,,,2026-09-16T09:01:23.979Z
2026-09-16_09-25-17-709,2026-09-16,CEPR (Center for Economic and Policy Research),https://cepr.net,5910,5.91K,rounded_public,collected,https://www.youtube.com/channel/UCQ5-7CUfHe7mZGR7alIOsxA,48359,48359,exact_public,collected,https://x.com/ceprdc,27645,"27,645",exact_public,collected,https://www.linkedin.com/company/center-for-economic-and-policy-research,1600,1600,exact_public,collected,https://www.instagram.com/ceprdc/,62771,"62,771",exact_public,collected,https://www.facebook.com/CEPRDC/,2026-09-16T09:41:39.252Z
2026-09-16_09-00-36-892,2026-09-16,CEPS (Centre for European Policy Studies),https://www.ceps.eu,,,,,,59069,59069,exact_public,collected,https://x.com/CEPS_thinktank,,,,,,,,,,,,,,,,2026-09-16T09:01:26.203Z
2026-09-16_09-25-17-709,2026-09-16,CEPS (Centre for European Policy Studies),https://www.ceps.eu,3000,3K,rounded_public,collected,https://www.youtube.com/channel/UCBX-oXE3mC8LGnrRIhCRI7A,59070,59070,exact_public,collected,https://x.com/CEPS_thinktank,95368,"95,368",exact_public,collected,https://www.linkedin.com/company/ceps,,,,,,,,,,,2026-09-16T09:42:06.805Z
2026-09-16_09-00-36-892,2026-09-16,CFR (Council on Foreign Relations),https://www.cfr.org,,,,,,578388,578388,exact_public,collected,https://x.com/CFR_org,,,,,,,,,,,,,,,,2026-09-16T09:01:28.406Z
2026-09-16_09-25-17-709,2026-09-16,CFR (Council on Foreign Relations),https://www.cfr.org,342000,342K,rounded_public,collected,https://www.youtube.com/cfr,578390,578390,exact_public,collected,https://x.com/CFR_org,432402,"432,402",exact_public,collected,https://www.linkedin.com/company/council-on-foreign-relations,168265,168265,exact_public,collected,https://www.instagram.com/cfr_org,499794,"499,794",exact_public,collected,https://www.facebook.com/councilonforeignrelations,2026-09-16T09:42:36.553Z
2026-09-16_09-00-36-892,2026-09-16,Chatham House,https://www.chathamhouse.org,,,,,,313560,313560,exact_public,collected,https://x.com/ChathamHouse,,,,,,,,,,,,,,,,2026-09-16T09:01:30.333Z
2026-09-16_09-25-17-709,2026-09-16,Chatham House,https://www.chathamhouse.org,101000,101K,rounded_public,collected,https://www.youtube.com/user/ChathamHouse10,313560,313560,exact_public,collected,https://x.com/ChathamHouse,,,,count_not_found,https://www.linkedin.com/login/?session_redirect=%2Fcompany%2F473772,137227,137227,exact_public,collected,https://www.instagram.com/chathamhouse_org,166541,"166,541",exact_public,collected,https://www.facebook.com/ChathamHouse,2026-09-16T09:43:27.892Z
2026-09-16_09-00-36-892,2026-09-16,Chennai Centre for China Studies,https://www.c3sindia.org,,,,,,,,,count_not_found,https://x.com/c3schennai,,,,,,,,,,,,,,,,2026-09-16T09:01:32.550Z
2026-09-16_09-25-17-709,2026-09-16,Chennai Centre for China Studies,https://www.c3sindia.org,668,668,exact_public,collected,https://www.youtube.com/channel/UCGD84-2OKUfrbkOHqssBstw,,,,count_not_found,https://x.com/c3schennai,,,,count_not_found,https://www.linkedin.com/authwall?trk=gf&trkInfo=AQGfdrADLCT-AwAAAaCpmkmAn56Ezpju52mLGhZdZhg5BLqlgo8bFAYtxortAwOq1muHpza5HbF4H7pZeIjtoPY0RvL6SwLRpXjScQyZrcez9MnSxNZIdOp9kQE2d2xfk4sSyJ0=&original_referer=&sessionRedirect=https%3A%2F%2Fwww.linkedin.com%2Fin%2Fc3s-chennai-centre-for-china-studies-9aa224171,,,,count_not_found,https://www.instagram.com/c3s.10,1384,"1,384",exact_public,collected,https://www.facebook.com/c3sindia,2026-09-16T09:44:48.036Z
2026-09-16_09-00-36-892,2026-09-16,Climate Policy Initiative,https://www.climatepolicyinitiative.org,,,,,,13804,13804,exact_public,collected,https://x.com/climatepolicy,,,,,,,,,,,,,,,,2026-09-16T09:01:42.356Z
2026-09-16_09-25-17-709,2026-09-16,Climate Policy Initiative,https://www.climatepolicyinitiative.org,1870,1.87K,rounded_public,collected,https://www.youtube.com/channel/UCE8V0iDgBU8mreZdBegVCcA,13804,13804,exact_public,collected,https://x.com/climatepolicy,,,,count_not_found,https://www.linkedin.com/authwall?trk=bf&trkInfo=AQH5kzJESmYVKAAAAaCpm0OA9yzUOLAjUgdYcnf0XSYRcIyz76SN7Za2hcrTeOapzswI2eYGd5hewQcQDwJfvIdj_g179Yd6AUNWNIDoKPjDf9mIFlFgva6Zc9X-KlSFK4y4Bsc=&original_referer=&sessionRedirect=https%3A%2F%2Fwww.linkedin.com%2Fcompany%2F1647140,2279,2279,exact_public,collected,https://www.instagram.com/climate.policy/,,,,,,2026-09-16T09:45:39.024Z
2026-09-16_09-00-36-892,2026-09-16,"Council on Energy, Environment and Water",https://www.ceew.in,,,,,,18140,18140,exact_public,collected,https://x.com/CEEWIndia,,,,,,,,,,,,,,,,2026-09-16T09:01:45.028Z
2026-09-16_09-25-17-709,2026-09-16,"Council on Energy, Environment and Water",https://www.ceew.in,3700,3.7K,rounded_public,collected,https://www.youtube.com/channel/UCNF-vGnm1jdA_jhrIpk84Tg,18140,18140,exact_public,collected,https://x.com/CEEWIndia,156386,"156,386",exact_public,collected,https://www.linkedin.com/company/council-on-energy-environment-and-water,9349,9349,exact_public,collected,https://www.instagram.com/ceewindia/,4364,"4,364",exact_public,collected,https://www.facebook.com/CEEWIndia/,2026-09-16T09:46:18.495Z
2026-09-16_09-00-36-892,2026-09-16,CSIS (Center for Strategic and International Studies),https://www.csis.org,,,,,,437889,437889,exact_public,collected,https://x.com/csis,,,,,,,,,,,,,,,,2026-09-16T09:01:47.477Z
2026-09-16_09-25-17-709,2026-09-16,CSIS (Center for Strategic and International Studies),https://www.csis.org,405000,405K,rounded_public,collected,https://www.youtube.com/user/csisdc,437889,437889,exact_public,collected,https://x.com/csis,394528,"394,528",exact_public,collected,https://www.linkedin.com/company/csis,147728,147728,exact_public,collected,https://www.instagram.com/csis,551827,"551,827",exact_public,collected,https://www.facebook.com/CSIS.org,2026-09-16T09:46:59.382Z
2026-09-16_09-00-36-892,2026-09-16,CUTS International,https://cuts-international.org,,,,,,154,154,exact_public,collected,https://x.com/CUTS_Inter,,,,,,,,,,,,,,,,2026-09-16T09:01:49.509Z
2026-09-16_09-25-17-709,2026-09-16,CUTS International,https://cuts-international.org,1110,1.11K,rounded_public,collected,https://www.youtube.com/channel/UCMAhUM4KWSlLdT45TnuXSXg,154,154,exact_public,collected,https://x.com/CUTS_Inter,7445,"7,445",exact_public,collected,https://www.linkedin.com/company/cuts-international,167,167,exact_public,collected,https://www.instagram.com/cutsint,1427,"1,427",exact_public,collected,https://www.facebook.com/cutsjaipur,2026-09-16T09:47:38.510Z
2026-09-16_09-00-36-892,2026-09-16,Delhi Policy Group,https://www.delhipolicygroup.org,,,,,,5312,5312,exact_public,collected,https://x.com/DPG_ORG,,,,,,,,,,,,,,,,2026-09-16T09:01:51.355Z
2026-09-16_09-25-17-709,2026-09-16,Delhi Policy Group,https://www.delhipolicygroup.org,211,211,exact_public,collected,https://www.youtube.com/@dpg_org,5312,5312,exact_public,collected,https://x.com/DPG_ORG,3390,"3,390",exact_public,collected,https://www.linkedin.com/company/delhi-policy-group,851,851,exact_public,collected,https://www.instagram.com/dpg_org,5790,"5,790",exact_public,collected,https://www.facebook.com/DelhiPolicyGroup,2026-09-16T09:48:46.111Z
2026-09-16_09-00-36-892,2026-09-16,Development Alternatives,https://www.devalt.org,,,,,,1477,1477,exact_public,collected,https://x.com/DAperspectives,,,,,,,,,,,,,,,,2026-09-16T09:01:53.328Z
2026-09-16_09-25-17-709,2026-09-16,Development Alternatives,https://www.devalt.org,10400,10.4K,rounded_public,collected,https://www.youtube.com/user/DevaltDelhi,1477,1477,exact_public,collected,https://x.com/DAperspectives,33073,"33,073",exact_public,collected,https://www.linkedin.com/company/development-alternatives,2591,2591,exact_public,collected,https://www.instagram.com/developmentalternatives,11350,"11,350",exact_public,collected,https://www.facebook.com/DevaltOfficial,2026-09-16T09:49:27.606Z
2026-09-16_09-25-17-709,2026-09-16,DIIS (Danish Institute for International Studies),https://www.diis.dk/en,1920,1.92K,rounded_public,collected,https://www.youtube.com/@DIISpublish,,,,,,24089,"24,089",exact_public,collected,https://www.linkedin.com/company/danish-institute-for-international-studies,,,,,,,,,,,2026-09-16T09:49:51.995Z
2026-09-16_09-25-17-709,2026-09-16,East Asia Institute,https://www.eai.or.kr/main/english/,,,,,,,,,,,1538,"1,538",exact_public,collected,https://www.linkedin.com/company/east-asia-institute,,,,,,,,,,,2026-09-16T09:49:53.382Z
2026-09-16_09-00-36-892,2026-09-16,ECFR,https://ecfr.eu,,,,,,107110,107110,exact_public,collected,https://x.com/ecfr,,,,,,,,,,,,,,,,2026-09-16T09:01:55.399Z
2026-09-16_09-25-17-709,2026-09-16,ECFR,https://ecfr.eu,5180,5.18K,rounded_public,collected,https://www.youtube.com/c/ECFRTV,107111,107111,exact_public,collected,https://x.com/ecfr,168709,"168,709",exact_public,collected,https://www.linkedin.com/company/european-council-on-foreign-relations,4234,4234,exact_public,collected,https://www.instagram.com/ecfr.eu,,,,,,2026-09-16T09:50:09.175Z
2026-09-16_09-00-36-892,2026-09-16,Foreign Policy Research Institute,https://www.fpri.org,,,,,,33969,33969,exact_public,collected,https://x.com/fpri,,,,,,,,,,,,,,,,2026-09-16T09:01:57.265Z
2026-09-16_09-25-17-709,2026-09-16,Foreign Policy Research Institute,https://www.fpri.org,46500,46.5K,rounded_public,collected,https://www.youtube.com/channel/UCYB1ercr0h50goIy2yEMvIA,33969,33969,exact_public,collected,https://x.com/fpri,61795,"61,795",exact_public,collected,https://www.linkedin.com/company/foreign-policy-research-institute,,,,,,225501,"225,501",exact_public,collected,https://www.facebook.com/FPRInews/,2026-09-16T09:50:37.268Z
2026-09-16_09-00-36-892,2026-09-16,Foundation for Defense of Democracies,https://www.fdd.org,,,,,,95197,95197,exact_public,collected,https://x.com/fdd,,,,,,,,,,,,,,,,2026-09-16T09:01:59.567Z
2026-09-16_09-25-17-709,2026-09-16,Foundation for Defense of Democracies,https://www.fdd.org,51900,51.9K,rounded_public,collected,https://www.youtube.com/c/FoundationforDefenseofDemocracies-FDD,95199,95199,exact_public,collected,https://x.com/fdd,18402,"18,402",exact_public,collected,https://www.linkedin.com/company/foundation-for-defense-of-democracies,11174,11174,exact_public,collected,https://www.instagram.com/fdd_org,21674,"21,674",exact_public,collected,https://www.facebook.com/followFDD,2026-09-16T09:51:18.468Z
2026-09-16_09-00-36-892,2026-09-16,Gateway House: Indian Council on Global Relations,https://www.gatewayhouse.in,,,,,,10221,10221,exact_public,collected,https://x.com/gatewayhouseind,,,,,,,,,,,,,,,,2026-09-16T09:02:01.913Z
2026-09-16_09-25-17-709,2026-09-16,Gateway House: Indian Council on Global Relations,https://www.gatewayhouse.in,5130,5.13K,rounded_public,collected,https://www.youtube.com/channel/UCRIjNjS_T48odMrxTylxIxg,10222,10222,exact_public,collected,https://x.com/gatewayhouseind,16768,"16,768",exact_public,collected,https://www.linkedin.com/company/gateway-house-indian-council-of-global-relations,1423,1423,exact_public,collected,https://www.instagram.com/gatewayhouse.in/,,,,,,2026-09-16T09:51:47.529Z
2026-09-16_08-14-02-215,2026-09-16,Google,https://www.google.com,,,,,,31896054,31896054,,collected,https://x.com/Google,,,,,,,,,,,,,,,,2026-09-16T08:14:04.236Z
2026-09-16_08-14-11-966,2026-09-16,Google,https://www.google.com,14600000,14.6M,,collected,https://www.youtube.com/@Google,31896055,31896055,,collected,https://x.com/Google,42375961,"42,375,961",,collected,https://www.linkedin.com/company/google,16000000,16M,,collected,https://www.instagram.com/google,36030713,"36,030,713",,collected,https://www.facebook.com/Google,2026-09-16T08:15:26.838Z
2026-09-16_08-25-12-206,2026-09-16,Google,https://www.google.com,14600000,14.6M,rounded_public,collected,https://www.youtube.com/@Google,,,,,,,,,,,,,,,,,,,,,2026-09-16T08:25:27.096Z
2026-09-16_08-25-44-650,2026-09-16,Google,https://www.google.com,,,,,,,,,,,,,,,,15743995,15743995,exact_public,collected,https://www.instagram.com/google,,,,,,2026-09-16T08:25:57.803Z
2026-09-16_08-33-18-167,2026-09-16,Google,https://www.google.com,,,,,,31896078,31896078,exact_public,collected,https://x.com/Google,,,,,,,,,,,,,,,,2026-09-16T08:33:20.556Z
2026-09-16_09-00-36-892,2026-09-16,Heritage Foundation,https://www.heritage.org,,,,,,769373,769373,exact_public,collected,https://x.com/heritage,,,,,,,,,,,,,,,,2026-09-16T09:02:04.106Z
2026-09-16_09-25-17-709,2026-09-16,Heritage Foundation,https://www.heritage.org,461000,461K,rounded_public,collected,https://www.youtube.com/user/HeritageFoundation,769378,769378,exact_public,collected,https://x.com/heritage,114697,"114,697",exact_public,collected,https://www.linkedin.com/company/the-heritage-foundation,345382,345382,exact_public,collected,https://www.instagram.com/heritagefoundation,2063919,"2,063,919",exact_public,collected,https://www.facebook.com/heritagefoundation,2026-09-16T09:52:27.419Z
2026-09-16_09-00-36-892,2026-09-16,Hoover Institution,https://www.hoover.org,,,,,,198274,198274,exact_public,collected,https://x.com/HooverInst,,,,,,,,,,,,,,,,2026-09-16T09:02:07.460Z
2026-09-16_09-25-17-709,2026-09-16,Hoover Institution,https://www.hoover.org,1210000,1.21M,rounded_public,collected,https://www.youtube.com/user/HooverInstitution,,,,failed,https://x.com/HooverInst,51572,"51,572",exact_public,collected,https://www.linkedin.com/company/hoover-institution-at-stanford-university,104069,104069,exact_public,collected,https://www.instagram.com/hooverinstitution,549038,"549,038",exact_public,collected,https://www.facebook.com/HooverInstStanford,2026-09-16T09:53:43.754Z
2026-09-16_09-00-36-892,2026-09-16,Hudson Institute,https://www.hudson.org,,,,,,127123,127123,exact_public,collected,https://x.com/hudsoninstitute,,,,,,,,,,,,,,,,2026-09-16T09:02:09.479Z
2026-09-16_09-25-17-709,2026-09-16,Hudson Institute,https://www.hudson.org,136000,136K,rounded_public,collected,https://www.youtube.com/user/hudsoninstitute,127126,127126,exact_public,collected,https://x.com/hudsoninstitute,31195,"31,195",exact_public,collected,https://www.linkedin.com/company/hudson-institute,13933,13933,exact_public,collected,https://www.instagram.com/hudsoninstitute,22300,"22,300",exact_public,collected,https://www.facebook.com/HudsonInstitute,2026-09-16T09:54:25.059Z
2026-09-16_09-00-36-892,2026-09-16,IAI (Istituto Affari Internazionali),https://www.iai.it/en,,,,,,30135,30135,exact_public,collected,https://x.com/IAIonline,,,,,,,,,,,,,,,,2026-09-16T09:02:11.641Z
2026-09-16_09-25-17-709,2026-09-16,IAI (Istituto Affari Internazionali),https://www.iai.it/en,2490,2.49K,rounded_public,collected,https://www.youtube.com/user/IAIChannel,30135,30135,exact_public,collected,https://x.com/IAIonline,73851,"73,851",exact_public,collected,https://www.linkedin.com/company/istituto-affari-internazionali,21994,21994,exact_public,collected,https://www.instagram.com/iai.insta,25407,"25,407",exact_public,collected,https://www.facebook.com/IAIonline,2026-09-16T09:55:04.799Z
2026-09-16_09-00-36-892,2026-09-16,Ifri (Institut français des relations internationales),https://www.ifri.org/en,,,,,,48230,48230,exact_public,collected,https://x.com/ifri_,,,,,,,,,,,,,,,,2026-09-16T09:02:13.902Z
2026-09-16_09-25-17-709,2026-09-16,Ifri (Institut français des relations internationales),https://www.ifri.org/en,22000,22K,rounded_public,collected,https://www.youtube.com/channel/UCpfLNjG97sWjGSKYiveWz3w,48230,48230,exact_public,collected,https://x.com/ifri_,106561,"106,561",exact_public,collected,https://www.linkedin.com/company/ifri,8070,8070,exact_public,collected,https://www.instagram.com/ifri_paris,108353,"108,353",exact_public,collected,https://www.facebook.com/IfriParis,2026-09-16T09:55:45.298Z
2026-09-16_09-00-36-892,2026-09-16,IISD (International Institute for Sustainable Development),https://www.iisd.org,,,,,,23873,23873,exact_public,collected,https://x.com/iisd_news,,,,,,,,,,,,,,,,2026-09-16T09:02:16.123Z
2026-09-16_09-25-17-709,2026-09-16,IISD (International Institute for Sustainable Development),https://www.iisd.org,6500,6.5K,rounded_public,collected,https://www.youtube.com/user/iisdvideo,23873,23873,exact_public,collected,https://x.com/iisd_news,271921,"271,921",exact_public,collected,https://www.linkedin.com/company/international-institute-for-sustainable-development,,,,,,,,,,,2026-09-16T09:56:12.215Z
2026-09-16_09-25-17-709,2026-09-16,IISS (International Institute for Strategic Studies),https://www.iiss.org,46300,46.3K,rounded_public,collected,https://www.youtube.com/channel/UCYygxNuTTlq2neh6Fu6rP4Q,,,,,,282607,"282,607",exact_public,collected,https://www.linkedin.com/company/international-institute-for-strategic-studies,,,,,,,,,,,2026-09-16T09:56:37.731Z
2026-09-16_09-00-36-892,2026-09-16,India Foundation,https://indiafoundation.in,,,,,,57248,57248,exact_public,collected,https://x.com/indfoundation,,,,,,,,,,,,,,,,2026-09-16T09:02:18.348Z
2026-09-16_09-25-17-709,2026-09-16,India Foundation,https://indiafoundation.in,32500,32.5K,rounded_public,collected,https://www.youtube.com/channel/UCoa562Q8QrgTAAyqNsx36oA,57247,57247,exact_public,collected,https://x.com/indfoundation,29341,"29,341",exact_public,collected,https://www.linkedin.com/company/india-foundation-delhi,59655,59655,exact_public,collected,https://www.instagram.com/indiafoundation,24004,"24,004",exact_public,collected,https://www.facebook.com/IndiaFoundation,2026-09-16T09:57:06.324Z
2026-09-16_09-00-36-892,2026-09-16,India Think Council,https://www.indiathink.org,,,,,,1334,1334,exact_public,collected,https://x.com/IndiathinkOrg,,,,,,,,,,,,,,,,2026-09-16T09:02:21.150Z
2026-09-16_09-25-17-709,2026-09-16,India Think Council,https://www.indiathink.org,1800,1.8K,rounded_public,collected,https://www.youtube.com/channel/UCA17X1xjY8MVFHwVyoNqYdg,1334,1334,exact_public,collected,https://x.com/IndiathinkOrg,811,811,exact_public,collected,https://www.linkedin.com/company/india-think-council,,,,,,3180,"3,180",exact_public,collected,https://www.facebook.com/IndiaThink,2026-09-16T09:57:35.525Z
2026-09-16_09-00-36-892,2026-09-16,Indian Council for Research on International Economic Relations,https://icrier.org,,,,,,6267,6267,exact_public,collected,https://x.com/icrier,,,,,,,,,,,,,,,,2026-09-16T09:02:23.789Z
2026-09-16_09-25-17-709,2026-09-16,Indian Council for Research on International Economic Relations,https://icrier.org,2940,2.94K,rounded_public,collected,https://www.youtube.com/channel/UCgiOH9iQULzxSsyIBnEjWrw,6267,6267,exact_public,collected,https://x.com/icrier,43448,"43,448",exact_public,collected,https://www.linkedin.com/company/icrier,4518,4518,exact_public,collected,https://www.instagram.com/icrier.res.in/,2511,"2,511",exact_public,collected,https://www.facebook.com/ICRIER/,2026-09-16T09:58:15.468Z
2026-09-16_09-00-36-892,2026-09-16,Indian Council of World Affairs,https://www.icwa.in,,,,,,20456,20456,exact_public,collected,https://x.com/ICWA_NewDelhi,,,,,,,,,,,,,,,,2026-09-16T09:02:26.131Z
2026-09-16_09-25-17-709,2026-09-16,Indian Council of World Affairs,https://www.icwa.in,4350,4.35K,rounded_public,collected,https://www.youtube.com/channel/UC0D1OMKLR5eVNIGJ01qKmXg,20456,20456,exact_public,collected,https://x.com/ICWA_NewDelhi,29484,"29,484",exact_public,collected,https://www.linkedin.com/company/indian-council-of-world-affairs1,,,,,,7165,"7,165",exact_public,collected,https://www.facebook.com/Sapru.House,2026-09-16T09:58:45.631Z
2026-09-16_09-00-36-892,2026-09-16,Indira Gandhi Institute of Development Research,https://www.igidr.ac.in,,,,,,4437,4437,exact_public,collected,https://x.com/Igidr_Mumbai,,,,,,,,,,,,,,,,2026-09-16T09:02:28.725Z
2026-09-16_09-25-17-709,2026-09-16,Indira Gandhi Institute of Development Research,https://www.igidr.ac.in,1560,1.56K,rounded_public,collected,https://www.youtube.com/user/igidrhelpdesk,4438,4438,exact_public,collected,https://x.com/Igidr_Mumbai,,,,count_not_found,https://www.linkedin.com/authwall?trk=gf&trkInfo=AQFxw4fzTBcV3wAAAaCpqAUgOOLGq0Vua93jAGoyeg_DvowYGKBZQVC6SZ2NGreNnhQfqCyT2MEPhWyoyT2g5QVh-dMxcdEsRif8s1md7Z4F2hSURnzocVP8eaN1Pdt2CQVm1FE=&original_referer=&sessionRedirect=https%3A%2F%2Fwww.linkedin.com%2Fschool%2F15095099,101,101,exact_public,collected,https://www.instagram.com/igidr_official,1894,"1,894",exact_public,collected,https://www.facebook.com/IGIDROfficial/,2026-09-16T09:59:47.567Z
2026-09-16_09-00-36-892,2026-09-16,Institute for the Study of War,https://www.understandingwar.org,,,,,,1422149,1422149,exact_public,collected,https://x.com/thestudyofwar,,,,,,,,,,,,,,,,2026-09-16T09:02:31.555Z
2026-09-16_09-25-17-709,2026-09-16,Institute for the Study of War,https://www.understandingwar.org,38700,38.7K,rounded_public,collected,https://www.youtube.com/channel/UCwRudqD0bS_hrA0DfU4BwOw,1422108,1422108,exact_public,collected,https://x.com/thestudyofwar,166416,"166,416",exact_public,collected,https://www.linkedin.com/company/institute-for-the-study-of-war,71648,71648,exact_public,collected,https://www.instagram.com/thestudyofwar/?hl=en,123009,"123,009",exact_public,collected,https://www.facebook.com/InstitutefortheStudyofWar,2026-09-16T10:00:28.292Z
2026-09-16_09-00-36-892,2026-09-16,Institute of Economic Growth,https://www.iegindia.org,,,,,,1691,1691,exact_public,collected,https://x.com/iegresearch,,,,,,,,,,,,,,,,2026-09-16T09:02:33.718Z
2026-09-16_09-25-17-709,2026-09-16,Institute of Economic Growth,https://www.iegindia.org,608,608,exact_public,collected,https://www.youtube.com/channel/UChNRvZHTuw6mLXOXYBAAbfQ,1691,1691,exact_public,collected,https://x.com/iegresearch,14996,"14,996",exact_public,collected,https://www.linkedin.com/company/institute-of-economics-growth,,,,,,1036,"1,036",exact_public,collected,https://www.facebook.com/InstituteofEconomicGrowth,2026-09-16T10:00:55.797Z
2026-09-16_09-00-36-892,2026-09-16,Institute of Peace and Conflict Studies,https://www.ipcs.org,,,,,,12665,12665,exact_public,collected,https://x.com/IPCSNewDelhi,,,,,,,,,,,,,,,,2026-09-16T09:02:35.977Z
2026-09-16_09-25-17-709,2026-09-16,Institute of Peace and Conflict Studies,https://www.ipcs.org,,,,,,12665,12665,exact_public,collected,https://x.com/IPCSNewDelhi,,,,count_not_found,https://www.linkedin.com/authwall?trk=gf&trkInfo=AQFoX9E0ppS6TgAAAaCpqdng95nNxnnl2rViqNIKH5BfBitlGKS68agfTj-7nCOBsZU3CJNTuFEOH0bnRgjRcusEtzuCPeBdl6vR8p3tzLhlPCZ7TUl1T8QIOfo0Rj22RuG_AYA=&original_referer=&sessionRedirect=https%3A%2F%2Fwww.linkedin.com%2Fschool%2Finstitute-of-peace-and-conflict-studies%2F,,,,,,15717,"15,717",exact_public,collected,https://www.facebook.com/ipcsnewdelhi,2026-09-16T10:01:34.697Z
2026-09-16_09-00-36-892,2026-09-16,Integrated Research and Action for Development,https://irade.org,,,,,,361,361,exact_public,collected,https://x.com/IRADe_Delhi,,,,,,,,,,,,,,,,2026-09-16T09:02:37.998Z
2026-09-16_09-25-17-709,2026-09-16,Integrated Research and Action for Development,https://irade.org,,,,,,361,361,exact_public,collected,https://x.com/IRADe_Delhi,4669,"4,669",exact_public,collected,https://in.linkedin.com/company/integrated-research-for-action-development-irade,,,,,,735,735,exact_public,collected,https://www.facebook.com/IRADeNewDelhi,2026-09-16T10:01:51.205Z
2026-09-16_09-00-36-892,2026-09-16,International Crisis Group,https://www.crisisgroup.org,,,,,,238475,238475,exact_public,collected,https://x.com/CrisisGroup,,,,,,,,,,,,,,,,2026-09-16T09:02:39.981Z
2026-09-16_09-25-17-709,2026-09-16,International Crisis Group,https://www.crisisgroup.org,23000,23K,rounded_public,collected,https://www.youtube.com/user/crisisgroup,238479,238479,exact_public,collected,https://x.com/CrisisGroup,,,,count_not_found,https://www.linkedin.com/authwall?trk=bf&trkInfo=AQGlqV-2GI-9EQAAAaCpqu84tzI4EeOLRLP5Iq0rXoRYiGvEIReaPtnc4pJBuwpAa_3aIvQMkhDWpltX2NB5plI5o2lJ1Op4Qxsq7TzfWWlPLj15k5438GMui1TwTmFK8Ll-iiE=&original_referer=&sessionRedirect=https%3A%2F%2Fwww.linkedin.com%2Fcompany%2Fcrisis-group,14814,14814,exact_public,collected,https://www.instagram.com/crisisgroup,181872,"181,872",exact_public,collected,https://www.facebook.com/crisisgroup,2026-09-16T10:02:58.375Z
2026-09-16_09-00-36-892,2026-09-16,International Republican Institute,https://www.iri.org,,,,,,50137,50137,exact_public,collected,https://x.com/IRIglobal,,,,,,,,,,,,,,,,2026-09-16T09:02:42.031Z
2026-09-16_09-25-17-709,2026-09-16,International Republican Institute,https://www.iri.org,2490,2.49K,rounded_public,collected,https://www.youtube.com/user/iritv,50137,50137,exact_public,collected,https://x.com/IRIglobal,43321,"43,321",exact_public,collected,https://www.linkedin.com/company/international-republican-institute,9305,9305,exact_public,collected,https://www.instagram.com/IRIglobal,49936,"49,936",exact_public,collected,https://www.facebook.com/InternationalRepublicanInstitute,2026-09-16T10:03:37.959Z
2026-09-16_09-00-36-892,2026-09-16,ISPI (Italian Institute for International Political Studies),https://www.ispionline.it/en,,,,,,78777,78777,exact_public,collected,https://x.com/ispionline,,,,,,,,,,,,,,,,2026-09-16T09:02:44.723Z
2026-09-16_09-25-17-709,2026-09-16,ISPI (Italian Institute for International Political Studies),https://www.ispionline.it/en,4190,4.19K,rounded_public,collected,https://www.youtube.com/channel/UCAFKK8R_81qUvhPdjF-52nA,78777,78777,exact_public,collected,https://x.com/ispionline,132404,"132,404",exact_public,collected,https://www.linkedin.com/company/ispi,204651,204651,exact_public,collected,https://www.instagram.com/ispigram/,164704,"164,704",exact_public,collected,https://www.facebook.com/ISPIonline,2026-09-16T10:04:17.753Z
2026-09-16_09-00-36-892,2026-09-16,ISS Africa (Institute for Security Studies),https://issafrica.org,,,,,,50034,50034,exact_public,collected,https://x.com/issafrica,,,,,,,,,,,,,,,,2026-09-16T09:02:46.648Z
2026-09-16_09-25-17-709,2026-09-16,ISS Africa (Institute for Security Studies),https://issafrica.org,17300,17.3K,rounded_public,collected,https://www.youtube.com/ISSAfricaTV,50034,50034,exact_public,collected,https://x.com/issafrica,96767,"96,767",exact_public,collected,https://www.linkedin.com/company/institute-for-security-studies,,,,,,53054,"53,054",exact_public,collected,https://www.facebook.com/issafrica,2026-09-16T10:04:45.781Z
2026-09-16_09-00-36-892,2026-09-16,ITIF (Information Technology and Innovation Foundation),https://itif.org,,,,,,24492,24492,exact_public,collected,https://x.com/ITIFdc,,,,,,,,,,,,,,,,2026-09-16T09:02:48.554Z
2026-09-16_09-25-17-709,2026-09-16,ITIF (Information Technology and Innovation Foundation),https://itif.org,3640,3.64K,rounded_public,collected,https://www.youtube.com/@itif,24492,24492,exact_public,collected,https://x.com/ITIFdc,9487,"9,487",exact_public,collected,https://www.linkedin.com/company/information-technology-and-innovation-foundation,411,411,exact_public,collected,https://www.instagram.com/itifdc,4405,"4,405",exact_public,collected,https://www.facebook.com/innovationpolicy,2026-09-16T10:05:25.699Z
2026-09-16_09-00-36-892,2026-09-16,Japan Institute of International Affairs (JIIA),https://www.jiia.or.jp/en/,,,,,,10751,10751,exact_public,collected,https://x.com/JIIA_jpn,,,,,,,,,,,,,,,,2026-09-16T09:02:50.340Z
2026-09-16_09-25-17-709,2026-09-16,Japan Institute of International Affairs (JIIA),https://www.jiia.or.jp/en/,3650,3.65K,rounded_public,collected,https://www.youtube.com/channel/UC0_Tol0rF9jExOfGHR7tCPA,10751,10751,exact_public,collected,https://x.com/JIIA_jpn,1140,"1,140",exact_public,collected,https://www.linkedin.com/company/jiia%E3%80%80center-for-global-outreach-cgo,,,,,,1304,"1,304",exact_public,collected,https://www.facebook.com/JIIAj,2026-09-16T10:05:53.643Z
2026-09-16_09-00-36-892,2026-09-16,Konrad Adenauer Foundation,https://www.kas.de/en,,,,,,27891,27891,exact_public,collected,https://x.com/KASonline,,,,,,,,,,,,,,,,2026-09-16T09:02:52.294Z
2026-09-16_09-25-17-709,2026-09-16,Konrad Adenauer Foundation,https://www.kas.de/en,7320,7.32K,rounded_public,collected,https://www.youtube.com/channel/UCxmhfC04y01RmpL1cr1ouxA,27891,27891,exact_public,collected,https://x.com/KASonline,77042,"77,042",exact_public,collected,https://www.linkedin.com/company/konrad-adenauer-stiftung,39612,39612,exact_public,collected,https://www.instagram.com/onlinekas/,83725,"83,725",exact_public,collected,https://www.facebook.com/kasfb,2026-09-16T10:06:33.866Z
2026-09-16_09-00-36-892,2026-09-16,Lowy Institute,https://www.lowyinstitute.org,,,,,,75730,75730,exact_public,collected,https://x.com/LowyInstitute,,,,,,,,,,,,,,,,2026-09-16T09:02:54.070Z
2026-09-16_09-25-17-709,2026-09-16,Lowy Institute,https://www.lowyinstitute.org,18900,18.9K,rounded_public,collected,https://www.youtube.com/user/LowyInstitute,75730,75730,exact_public,collected,https://x.com/LowyInstitute,39476,"39,476",exact_public,collected,https://www.linkedin.com/company/the-lowy-institute-for-international-policy,3315,3315,exact_public,collected,https://www.instagram.com/lowyinstitute,,,,,,2026-09-16T10:07:01.954Z
2026-09-16_09-00-36-892,2026-09-16,Manohar Parrikar Institute for Defence Studies and Analyses,https://www.idsa.in,,,,,,48862,48862,exact_public,collected,https://x.com/IDSAIndia,,,,,,,,,,,,,,,,2026-09-16T09:02:55.971Z
2026-09-16_09-25-17-709,2026-09-16,Manohar Parrikar Institute for Defence Studies and Analyses,https://www.idsa.in,34000,34K,rounded_public,collected,https://www.youtube.com/idsaindia,48862,48862,exact_public,collected,https://x.com/IDSAIndia,14830,"14,830",exact_public,collected,https://www.linkedin.com/company/manohar-parrikar-institute-for-defence-studies-and-analyses,227,227,exact_public,collected,https://www.instagram.com/mpidsa_india,21493,"21,493",exact_public,collected,https://www.facebook.com/InstituteforDefenceStudiesAnalyses,2026-09-16T10:07:40.792Z
2026-09-16_09-25-17-709,2026-09-16,Middle East Institute,https://www.mei.edu,20900,20.9K,rounded_public,collected,https://www.youtube.com/channel/UCclgK8IW7xKzd6z9DLk8slg,,,,,,44631,"44,631",exact_public,collected,https://www.linkedin.com/company/middle-east-institute,,,,,,,,,,,2026-09-16T10:08:04.923Z
2026-09-16_09-00-36-892,2026-09-16,Migration Policy Institute,https://www.migrationpolicy.org,,,,,,46665,46665,exact_public,collected,https://x.com/MigrationPolicy?lang=en,,,,,,,,,,,,,,,,2026-09-16T09:02:58.313Z
2026-09-16_09-25-17-709,2026-09-16,Migration Policy Institute,https://www.migrationpolicy.org,1560,1.56K,rounded_public,collected,https://www.youtube.com/channel/UCdtJ56R55sCQFGfZ7Q7mQJg,46628,46628,exact_public,collected,https://x.com/MigrationPolicy?lang=en,59086,"59,086",exact_public,collected,https://www.linkedin.com/company/migration-policy-institute,3628,3628,exact_public,collected,https://www.instagram.com/migrationpolicyinstitute/,21884,"21,884",exact_public,collected,https://www.facebook.com/MigrationPolicyInstitute/,2026-09-16T10:08:35.334Z
2026-09-16_09-00-36-892,2026-09-16,National Bureau of Asian Research,https://www.nbr.org,,,,,,14315,14315,exact_public,collected,https://x.com/nbrnews,,,,,,,,,,,,,,,,2026-09-16T09:03:00.123Z
2026-09-16_09-25-17-709,2026-09-16,National Bureau of Asian Research,https://www.nbr.org,1380,1.38K,rounded_public,collected,https://www.youtube.com/user/NBRonline,14315,14315,exact_public,collected,https://x.com/nbrnews,16801,"16,801",exact_public,collected,https://www.linkedin.com/company/nbrnews,,,,,,7805,"7,805",exact_public,collected,https://www.facebook.com/NBRnews,2026-09-16T10:09:03.034Z
2026-09-16_09-00-36-892,2026-09-16,National Council of Applied Economic Research,https://www.ncaer.org,,,,,,9035,9035,exact_public,collected,https://x.com/NCAER,,,,,,,,,,,,,,,,2026-09-16T09:03:02.298Z
2026-09-16_09-25-17-709,2026-09-16,National Council of Applied Economic Research,https://www.ncaer.org,2340,2.34K,rounded_public,collected,https://www.youtube.com/user/NCAER,9035,9035,exact_public,collected,https://x.com/NCAER,26167,"26,167",exact_public,collected,https://www.linkedin.com/company/ncaer,,,,,,,,,,,2026-09-16T10:09:28.990Z
2026-09-16_09-25-17-709,2026-09-16,National Institute of Advanced Studies,https://www.nias.res.in,7140,7.14K,rounded_public,collected,https://www.youtube.com/@nationalinstituteofadvance778,,,,,,,,,count_not_found,https://www.linkedin.com/authwall?trk=gf&trkInfo=AQEi-_Ir84SNMQAAAaCpsaX4ind593Rarugj-7UZr1ZquNLHONW46VxMI_gjCNzaGRR_2LOUvNiervb7Kr6htcZVpp-6W23v_KH7OSoZtbjkFjOV0DpC1QGK-ERY6ohkbGW2mZM=&original_referer=&sessionRedirect=https%3A%2F%2Fwww.linkedin.com%2Fschool%2Fnational-institute-of-advanced-studies%2F,,,,,,,,,,,2026-09-16T10:09:41.976Z
2026-09-16_09-00-36-892,2026-09-16,New America,https://www.newamerica.org,,,,,,51509,51509,exact_public,collected,https://x.com/NewAmerica,,,,,,,,,,,,,,,,2026-09-16T09:03:04.320Z
2026-09-16_09-25-17-709,2026-09-16,New America,https://www.newamerica.org,29300,29.3K,rounded_public,collected,https://www.youtube.com/@NewamericaOrgideas,51509,51509,exact_public,collected,https://x.com/NewAmerica,31472,"31,472",exact_public,collected,https://www.linkedin.com/company/new-america,2577,2577,exact_public,collected,https://www.instagram.com/newamericaorg,25825,"25,825",exact_public,collected,https://www.facebook.com/NewAmerica,2026-09-16T10:10:18.683Z
2026-09-16_09-00-36-892,2026-09-16,NUPI (Norwegian Institute of International Affairs),https://www.nupi.no/en,,,,,,16134,16134,exact_public,collected,https://x.com/nupinytt,,,,,,,,,,,,,,,,2026-09-16T09:03:07.902Z
2026-09-16_09-25-17-709,2026-09-16,NUPI (Norwegian Institute of International Affairs),https://www.nupi.no/en,6120,6.12K,rounded_public,collected,https://www.youtube.com/user/nupinytt,16134,16134,exact_public,collected,https://x.com/nupinytt,27847,"27,847",exact_public,collected,https://www.linkedin.com/company/norwegian-institute-of-international-affairs,2758,2758,exact_public,collected,https://www.instagram.com/nupinytt,,,,,,2026-09-16T10:10:46.189Z
2026-09-16_09-00-36-892,2026-09-16,Observer Research Foundation,https://www.orfonline.org,,,,,,159308,159308,exact_public,collected,https://x.com/orfonline,,,,,,,,,,,,,,,,2026-09-16T09:03:11.410Z
2026-09-16_09-25-17-709,2026-09-16,Observer Research Foundation,https://www.orfonline.org,256000,256K,rounded_public,collected,https://www.youtube.com/channel/UCkcjGxTW_mLZmmEfWP2UMtQ,159308,159308,exact_public,collected,https://x.com/orfonline,128860,"128,860",exact_public,collected,https://www.linkedin.com/company/observer-research-foundation,70368,70368,exact_public,collected,https://www.instagram.com/orfonline,291169,"291,169",exact_public,collected,https://www.facebook.com/ORFOnline,2026-09-16T10:11:26.035Z
2026-09-16_09-00-36-892,2026-09-16,OIIP (Austrian Institute for International Affairs),https://www.oiip.ac.at/en/,,,,,,2324,2324,exact_public,collected,https://x.com/InfoOiip,,,,,,,,,,,,,,,,2026-09-16T09:03:13.437Z
2026-09-16_09-25-17-709,2026-09-16,OIIP (Austrian Institute for International Affairs),https://www.oiip.ac.at/en/,247,247,exact_public,collected,https://www.youtube.com/channel/UCv1DPI5lm0tN_PXi9m578Gw,2324,2324,exact_public,collected,https://x.com/InfoOiip,,,,count_not_found,https://www.linkedin.com/authwall?trk=gf&trkInfo=AQGt5zgB9lEFEAAAAaCps6HIlpPUJsAcwB1l_dcsUbg4luO9XCwLCNyZDBzVSDmrr44zSU5sI7UJTXrVXjVlR0LWvJQe8Qjx9Ws9OLxinDLk_0khy7qBcxo7awaSA3w74wsdE4w=&original_referer=&sessionRedirect=https%3A%2F%2Fwww.linkedin.com%2Fin%2F%25C3%25B6sterreichisches-institut-f%25C3%25BCr-internationale-politik-611010216,,,,,,3333,"3,333",exact_public,collected,https://www.facebook.com/wien.oiip,2026-09-16T10:12:15.582Z
2026-09-16_08-14-02-215,2026-09-16,OpenAI,https://openai.com,,,,,,5338562,5338562,,collected,https://x.com/OpenAI,,,,,,,,,,,,,,,,2026-09-16T08:14:02.220Z
2026-09-16_08-14-11-966,2026-09-16,OpenAI,https://openai.com,2060000,2.06M,,collected,https://www.youtube.com/@OpenAI,5338566,5338566,,collected,https://x.com/OpenAI,11711761,"11,711,761",,collected,https://www.linkedin.com/company/openai,7000000,7M,,collected,https://www.instagram.com/openai,843576,"843,576",,collected,https://www.facebook.com/openai/,2026-09-16T08:15:13.778Z
2026-09-16_08-25-12-206,2026-09-16,OpenAI,https://openai.com,2060000,2.06M,rounded_public,collected,https://www.youtube.com/@OpenAI,,,,,,,,,,,,,,,,,,,,,2026-09-16T08:25:12.212Z
2026-09-16_08-25-44-650,2026-09-16,OpenAI,https://openai.com,,,,,,,,,,,,,,,,6615663,6615663,exact_public,collected,https://www.instagram.com/openai,,,,,,2026-09-16T08:25:44.655Z
2026-09-16_08-33-18-167,2026-09-16,OpenAI,https://openai.com,,,,,,5338607,5338607,exact_public,collected,https://x.com/OpenAI,,,,,,,,,,,,,,,,2026-09-16T08:33:18.172Z
2026-09-16_09-00-36-892,2026-09-16,OSW (Centre for Eastern Studies),https://www.osw.waw.pl/en,,,,,,19445,19445,exact_public,collected,https://x.com/OSW_eng,,,,,,,,,,,,,,,,2026-09-16T09:03:15.521Z
2026-09-16_09-25-17-709,2026-09-16,OSW (Centre for Eastern Studies),https://www.osw.waw.pl/en,73100,73.1K,rounded_public,collected,https://www.youtube.com/@centreforeasternstudies,19446,19446,exact_public,collected,https://x.com/OSW_eng,6790,"6,790",exact_public,collected,https://www.linkedin.com/company/centre-for-eastern-studies-osw-,,,,,,4712,"4,712",exact_public,collected,https://www.facebook.com/CentreforEasternStudies,2026-09-16T10:12:42.936Z
2026-09-16_09-00-36-892,2026-09-16,PCNS (Policy Center for the New South),https://www.policycenter.ma,,,,,,17385,17385,exact_public,collected,https://x.com/PolicyCenterNS,,,,,,,,,,,,,,,,2026-09-16T09:03:17.418Z
2026-09-16_09-25-17-709,2026-09-16,PCNS (Policy Center for the New South),https://www.policycenter.ma,19200,19.2K,rounded_public,collected,https://www.youtube.com/PolicyCenterfortheNewSouth,17384,17384,exact_public,collected,https://x.com/PolicyCenterNS,38590,"38,590",exact_public,collected,https://www.linkedin.com/company/policycenterns,10886,10886,exact_public,collected,https://www.instagram.com/policycenter.ns,29153,"29,153",exact_public,collected,https://www.facebook.com/PolicyCenterNS,2026-09-16T10:13:22.764Z
2026-09-16_09-25-17-709,2026-09-16,PIIE,https://www.piie.com,36200,36.2K,rounded_public,collected,https://www.youtube.com/channel/UCRnLlxwOaxeplsJ8On583Vw,,,,,,32536,"32,536",exact_public,collected,https://www.linkedin.com/company/piie,,,,,,,,,,,2026-09-16T10:13:46.572Z
2026-09-16_09-00-36-892,2026-09-16,Public Affairs Centre (PAC),https://pacindia.org,,,,,,1101,1101,exact_public,collected,https://x.com/pacindia,,,,,,,,,,,,,,,,2026-09-16T09:03:19.610Z
2026-09-16_09-25-17-709,2026-09-16,Public Affairs Centre (PAC),https://pacindia.org,1070,1.07K,rounded_public,collected,https://www.youtube.com/pacindiavideos,1101,1101,exact_public,collected,https://x.com/pacindia,6338,"6,338",exact_public,collected,https://www.linkedin.com/company/pacindia,410,410,exact_public,collected,https://www.instagram.com/pacindia,,,,,,2026-09-16T10:14:03.005Z
2026-09-16_09-00-36-892,2026-09-16,RAND Corporation,https://www.rand.org,,,,,,261573,261573,exact_public,collected,https://x.com/RANDCorporation,,,,,,,,,,,,,,,,2026-09-16T09:03:21.569Z
2026-09-16_09-25-17-709,2026-09-16,RAND Corporation,https://www.rand.org,38200,38.2K,rounded_public,collected,https://www.youtube.com/channel/UCTnsIW_melVWGQC_dxQh45g,261549,261549,exact_public,collected,https://x.com/RANDCorporation,211332,"211,332",exact_public,collected,https://www.linkedin.com/company/rand-corporation,27533,27533,exact_public,collected,https://www.instagram.com/randcorporation/,69226,"69,226",exact_public,collected,https://www.facebook.com/RANDCorporation,2026-09-16T10:14:42.421Z
2026-09-16_09-00-36-892,2026-09-16,RIS,https://www.ris.org.in,,,,,,14694,14694,exact_public,collected,https://x.com/RIS_NewDelhi,,,,,,,,,,,,,,,,2026-09-16T09:03:24.674Z
2026-09-16_09-25-17-709,2026-09-16,RIS,https://www.ris.org.in,1880,1.88K,rounded_public,collected,https://www.youtube.com/user/RISNewDelhi,14693,14693,exact_public,collected,https://x.com/RIS_NewDelhi,18844,"18,844",exact_public,collected,https://www.linkedin.com/company/research-and-information-system-for-developing-countries,739,739,exact_public,collected,https://www.instagram.com/risdelhi,6161,"6,161",exact_public,collected,https://www.facebook.com/RISIndia,2026-09-16T10:15:37.603Z
2026-09-16_09-00-36-892,2026-09-16,SAIIA (South African Institute of International Affairs),https://saiia.org.za,,,,,,16208,16208,exact_public,collected,https://x.com/SAIIA_info,,,,,,,,,,,,,,,,2026-09-16T09:03:26.927Z
2026-09-16_09-25-17-709,2026-09-16,SAIIA (South African Institute of International Affairs),https://saiia.org.za,2300,2.3K,rounded_public,collected,https://www.youtube.com/saiiaclips,16208,16208,exact_public,collected,https://x.com/SAIIA_info,,,,count_not_found,https://www.linkedin.com/login/?session_redirect=%2Fcompany%2F1121142,4469,4469,exact_public,collected,https://www.instagram.com/saiia_org,12017,"12,017",exact_public,collected,https://www.facebook.com/saiia.info/,2026-09-16T10:16:32.673Z
2026-09-16_09-00-36-892,2026-09-16,SIPRI (Stockholm International Peace Research Institute),https://www.sipri.org,,,,,,104300,104300,exact_public,collected,https://x.com/SIPRIorg,,,,,,,,,,,,,,,,2026-09-16T09:03:28.867Z
2026-09-16_09-25-17-709,2026-09-16,SIPRI (Stockholm International Peace Research Institute),https://www.sipri.org,9760,9.76K,rounded_public,collected,https://www.youtube.com/user/SIPRIorg,104300,104300,exact_public,collected,https://x.com/SIPRIorg,51971,"51,971",exact_public,collected,https://www.linkedin.com/company/sipri,3849,3849,exact_public,collected,https://www.instagram.com/sipriorg,30726,"30,726",exact_public,collected,https://www.facebook.com/sipri.org,2026-09-16T10:17:14.163Z
2026-09-16_09-25-17-709,2026-09-16,Stimson Centre,https://www.stimson.org,9620,9.62K,rounded_public,collected,https://www.youtube.com/channel/UCMzl-NrhN_SuBYJho4UEx9Q,,,,,,35739,"35,739",exact_public,collected,https://www.linkedin.com/company/the-henry-l.-stimson-center,,,,,,,,,,,2026-09-16T10:17:38.035Z
2026-09-16_09-25-17-709,2026-09-16,SWP (German Institute for International and Security Affairs),https://www.swp-berlin.org/en,547,547,exact_public,collected,https://www.youtube.com/@SWP-Berlin,,,,,,32416,"32,416",exact_public,collected,https://www.linkedin.com/company/swp-berlin,,,,,,,,,,,2026-09-16T10:17:50.327Z
2026-09-16_09-00-36-892,2026-09-16,Tax Foundation,https://taxfoundation.org,,,,,,69688,69688,exact_public,collected,https://x.com/taxfoundation,,,,,,,,,,,,,,,,2026-09-16T09:03:30.824Z
2026-09-16_09-25-17-709,2026-09-16,Tax Foundation,https://taxfoundation.org,10500,10.5K,rounded_public,collected,https://www.youtube.com/user/TaxFoundation,69661,69661,exact_public,collected,https://x.com/taxfoundation,45181,"45,181",exact_public,collected,https://www.linkedin.com/company/tax-foundation,5236,5236,exact_public,collected,https://www.instagram.com/tax.foundation,25816,"25,816",exact_public,collected,https://www.facebook.com/taxfoundation,2026-09-16T10:18:20.440Z
2026-09-16_09-00-36-892,2026-09-16,The Energy and Resources Institute,https://www.teriin.org,,,,,,25463,25463,exact_public,collected,https://x.com/teriin,,,,,,,,,,,,,,,,2026-09-16T09:03:32.812Z
2026-09-16_09-25-17-709,2026-09-16,The Energy and Resources Institute,https://www.teriin.org,85400,85.4K,rounded_public,collected,https://www.youtube.com/user/teri,25464,25464,exact_public,collected,https://x.com/teriin,143154,"143,154",exact_public,collected,https://www.linkedin.com/company/teriin,7885,7885,exact_public,collected,https://www.instagram.com/teriindia,39614,"39,614",exact_public,collected,https://www.facebook.com/TERIIN,2026-09-16T10:19:04.462Z
2026-09-16_09-00-36-892,2026-09-16,The Takshashila Institution,https://takshashila.org.in,,,,,,15900,15900,exact_public,collected,https://x.com/TakshashilaInst,,,,,,,,,,,,,,,,2026-09-16T09:03:34.804Z
2026-09-16_09-25-17-709,2026-09-16,The Takshashila Institution,https://takshashila.org.in,5450,5.45K,rounded_public,collected,https://www.youtube.com/c/TakshashilaInst,15899,15899,exact_public,collected,https://x.com/TakshashilaInst,,,,count_not_found,https://www.linkedin.com/authwall?trk=gf&trkInfo=AQFHWMg_3FLyWQAAAaCpus24uZsEoVcklRjaC5J26QuZqYlc9Idn_BFsiNRrYPYIYk2H8R2c9AgS_lBqY2P-jLV8E_CwAHjYywgIVkeTRio4V6X3A4DB5tp1iG-OU4QcPelxF44=&original_referer=&sessionRedirect=https%3A%2F%2Fwww.linkedin.com%2Fschool%2Fthe-takshashila-institution,5394,5394,exact_public,collected,https://www.instagram.com/takshashilainst,,,,,,2026-09-16T10:20:05.468Z
2026-09-16_09-25-17-709,2026-09-16,Urban Institute,https://www.urban.org,5460,5.46K,rounded_public,collected,https://www.youtube.com/channel/UCiODGs5uF-ZdoLTrRXlkv7g,,,,,,124109,"124,109",exact_public,collected,https://www.linkedin.com/company/urban-institute,,,,,,,,,,,2026-09-16T10:20:30.343Z
2026-09-16_09-00-36-892,2026-09-16,Washington Institute for Near East Policy,https://www.washingtoninstitute.org,,,,,,74023,74023,exact_public,collected,https://x.com/WashInstitute,,,,,,,,,,,,,,,,2026-09-16T09:03:36.971Z
2026-09-16_09-25-17-709,2026-09-16,Washington Institute for Near East Policy,https://www.washingtoninstitute.org,,,,failed,https://www.youtube.com/user/WashingtonInstitute,74023,74023,exact_public,collected,https://x.com/WashInstitute,27103,"27,103",exact_public,collected,https://www.linkedin.com/company/the-washington-institute-for-near-east-policy,,,,,,38761,"38,761",exact_public,collected,https://www.facebook.com/WashingtonInstitute,2026-09-16T10:21:27.271Z
